,,,,,,Q3_1,Q3_2,Q3_3,Q3_4,Q3_5,Q3_6,Q3_7,Q3_8,Q3_9,Q3_10,Q3_11,Q4,Q5,Q6_1,Q6_2,Q6_3,Q8,Q9,Q10,Q11_1,Q11_2,Q11_3,Q11_4,Q11_5,Q11_6,Q11_7,Q11_8,Q11_9,Q12,Q13,Q14,Q15,Q19
Recorded Date,Response ID,CanopyID,School Name,City,State,How important are each of the policy / regulatory factors below for your ability to successfully design and implement your model? - Availability of public revenue,How important are each of the policy / regulatory factors below for your ability to successfully design and implement your model? - Availability of philanthropic funding,How important are each of the policy / regulatory factors below for your ability to successfully design and implement your model? - Calendar and schedule requirements,"How important are each of the policy / regulatory factors below for your ability to successfully design and implement your model? - Course progression, seat time, and graduation requirements","How important are each of the policy / regulatory factors below for your ability to successfully design and implement your model? - Admission requirements for college, high school, or middle school","How important are each of the policy / regulatory factors below for your ability to successfully design and implement your model? - Accountability systems (including tests) imposed by states, districts, or authorizers",How important are each of the policy / regulatory factors below for your ability to successfully design and implement your model? - Accountability or reporting expectations from philanthropic funders,"How important are each of the policy / regulatory factors below for your ability to successfully design and implement your model? - Interactions with other public service providers / agencies (e.g., social services, law enforcement)",How important are each of the policy / regulatory factors below for your ability to successfully design and implement your model? - Teacher / staff credentialing or evaluation requirements,How important are each of the policy / regulatory factors below for your ability to successfully design and implement your model? - Labor contracts and/or union relationships,"How important are each of the policy / regulatory factors below for your ability to successfully design and implement your model? - Enrollment, lottery, or school assignment systems","Of the policy and regulatory factors that you ranked highest in the item above, why did you rank them so highly?  Are there any other important factors that were not listed above?",You indicated that interactions with public service providers / agencies have a degree of importance for your school's innovation work.  What public service providers have been most relevant?,"Adjust the position of the sliders below to indicate the relative importance of federal, state, and local policies for your ability to successfully innovate.- Federal policies","Adjust the position of the sliders below to indicate the relative importance of federal, state, and local policies for your ability to successfully innovate. 
 - State policies","Adjust the position of the sliders below to indicate the relative importance of federal, state, and local policies for your ability to successfully innovate. 
 - Local policies","Apart from reviewing your own school profile, have you ever used the Canopy data portal at www.CanopySchools.org?",What did you use the Canopy data portal for?,Did the Canopy data portal help you find the information you needed?,"We intend to improve the Canopy Project in the future to make participation as valuable as possible for schools like yours.  Regardless of whether you feel like you have received this benefit so far, how valuable would you find each of the benefits below? 
Please drag the choices below to stack-rank them from most to least valuable. - Recognition for your school","We intend to improve the Canopy Project in the future to make participation as valuable as possible for schools like yours.  Regardless of whether you feel like you have received this benefit so far, how valuable would you find each of the benefits below? 
Please drag the choices below to stack-rank them from most to least valuable. - Visibility into what's underway in other schools","We intend to improve the Canopy Project in the future to make participation as valuable as possible for schools like yours.  Regardless of whether you feel like you have received this benefit so far, how valuable would you find each of the benefits below? 
Please drag the choices below to stack-rank them from most to least valuable. - Connections to researchers","We intend to improve the Canopy Project in the future to make participation as valuable as possible for schools like yours.  Regardless of whether you feel like you have received this benefit so far, how valuable would you find each of the benefits below? 
Please drag the choices below to stack-rank them from most to least valuable. - Connections to funders","We intend to improve the Canopy Project in the future to make participation as valuable as possible for schools like yours.  Regardless of whether you feel like you have received this benefit so far, how valuable would you find each of the benefits below? 
Please drag the choices below to stack-rank them from most to least valuable. - Communities of practice with similar innovative schools","We intend to improve the Canopy Project in the future to make participation as valuable as possible for schools like yours.  Regardless of whether you feel like you have received this benefit so far, how valuable would you find each of the benefits below? 
Please drag the choices below to stack-rank them from most to least valuable. - Practical resources related to school innovation and R&D in general","We intend to improve the Canopy Project in the future to make participation as valuable as possible for schools like yours.  Regardless of whether you feel like you have received this benefit so far, how valuable would you find each of the benefits below? 
Please drag the choices below to stack-rank them from most to least valuable. - Practical resources related to your school's specific model or innovation","We intend to improve the Canopy Project in the future to make participation as valuable as possible for schools like yours.  Regardless of whether you feel like you have received this benefit so far, how valuable would you find each of the benefits below? 
Please drag the choices below to stack-rank them from most to least valuable. - Sharing your school model with other communities that might be interested in adopting it or adapting it for their own context","We intend to improve the Canopy Project in the future to make participation as valuable as possible for schools like yours.  Regardless of whether you feel like you have received this benefit so far, how valuable would you find each of the benefits below? 
Please drag the choices below to stack-rank them from most to least valuable. - A gift card in recognition for your time on the survey",Which of these benefits would you say you've received so far?  Select all that apply.,Are there any other benefits you've received that aren't noted above?,The Canopy project seeks to surface a diverse set of schools that are innovating at a schoolwide level. How many school site leaders (principals) do you know personally who lead schools that fit this description?,"If you had a chance to nominate any of these schools to the Canopy, how interested would you be to do so?","In the next phase of the Canopy project, we are exploring advisory and leadership roles for school leaders like you.  These roles would invite you to participate in key decisions such as how the project defines innovation.  Do you have any interest in learning more about opportunities to participate in this way?"
4/14/21 11:15,R_CjHgExoEK6Kk3yF,98,Howard Middle School for Math and Science,Washington,District of Columbia,5,5,4,4,4,5,5,4,4,1,4,Accountability is critical to the work that we do. ,Social workers,23,52,25,No,,,2,5,9,1,3,6,7,4,8,A gift card in recognition for your time on the survey,,1 - 3,Somewhat interested,Yes
4/14/21 11:21,R_2WCFxJu9PXQGr7j,70,Evergreen Community Charter School,Asheville,North Carolina,5,5,2,2,1,3,3,3,3,1,1,"We can and will do our innovative work within a variety of parameters (i.e., those marked less important) but public schools must receive adequate funding to support innovative work that often involves increased staff capacity.","local health department, social services, food bank",33,60,7,Yes,search for other innovative ideas,"Yes, partially",4,2,5,3,1,6,7,8,9,"Recognition for your school,Visibility into what's underway in other schools,Sharing your school model with other communities that might be interested in adopting it or adapting it for their own context",,7 or more,Neutral,No
4/14/21 11:31,R_1hJNFZtY5vWFvMS,52,DB EXCEL (Kingsport),Kingsport,Tennessee,4,1,2,2,4,2,1,3,2,1,1,"Admissions requirements for colleges matter.  We want to make sure we are preparing our students so that they can apply for the college of their choice and be accepted.  Revenue is also important because we depend upon that for a large part of our funding.

Seat time, End of Course Assessments, etc. matter, however, to be honest, they stifle innovation and creativity.  ",Many of our projects involve our public service and other community members.  ,25,60,15,Yes,To look at other innovative programs and see what they are doing.,"Yes, totally",1,6,7,8,2,5,4,3,9,"Visibility into what's underway in other schools,Connections to researchers",,1 - 3,Somewhat interested,Yes
4/14/21 11:33,R_31RhWoR5FXaHJLH,8,Anastasis Academy,Centennial,Colorado,3,5,3,4,5,5,5,4,4,2,5,"Funding and the requirements around funding either help or hinder our innovative work. Without funding, we can't innovate, but the wrong parameters (i.e. testing, outdated measures of success) hinder the innovation. This is also true of other accountability measures around student achievement. ","Social workers, special education referral. ",23,35,42,Yes,To explore the work of other innovative schools.,"Yes, partially",1,8,4,2,3,7,5,6,9,"Recognition for your school,Visibility into what's underway in other schools,Practical resources related to school innovation and R&D in general,A gift card in recognition for your time on the survey",,1 - 3,Somewhat interested,Yes
4/14/21 11:33,R_D2lmo0X82g9OKdj,218,Waimea Canyon Middle School,Waimea,Hawaii,3,4,2,1,3,1,3,4,4,4,4,We include community push in or push out on our projects. Instruction and quality teaching with an inquiry mindset is pivotal.,Collaboration between all parties involved.,19,41,40,No,,,5,2,3,6,4,7,1,8,9,"Connections to researchers,Communities of practice with similar innovative schools,Practical resources related to school innovation and R&D in general,Sharing your school model with other communities that might be interested in adopting it or adapting it for their own context",N/A,1 - 3,Not very interested,Yes
4/14/21 11:33,R_Z4V4L6dALz8ARbP,97,Horizons Alternative Education School,Mohawk,Michigan,5,5,5,5,4,3,3,4,4,3,3,In order to continue to move forward and push into areas that are innovative the access to funding is very important.  ,"Michigan rehabilitation services, Michigan Work",24,38,38,Yes,We use the portal to look up what others are doing and use it for help with new ideas moving forward.,"Yes, totally",2,1,7,8,3,6,5,4,9,"Recognition for your school,Visibility into what's underway in other schools,Communities of practice with similar innovative schools,Sharing your school model with other communities that might be interested in adopting it or adapting it for their own context",,1 - 3,Neutral,Yes
4/14/21 11:39,R_u8iSwtFx5bupxa9,144,Northside Elementary School,Rogers,Arkansas,4,2,4,1,1,4,2,2,3,1,1,"Public revenue - Having the funding for PD and specialized materials is important. 
Calendar and schedule requirements - mostly schedule requirements, the requirements to teach certain subjects for a set amount of time makes it more diffiecult to implements personalized learning models. 
Accountability systems encourage teachers to teach to a test that might not align with the standards. ",,9,33,58,No,,,6,5,7,8,2,4,3,1,9,"Recognition for your school,Visibility into what's underway in other schools,Sharing your school model with other communities that might be interested in adopting it or adapting it for their own context,A gift card in recognition for your time on the survey",,4 - 6,Neutral,Yes
4/14/21 11:40,R_2f3yEBANIacz39p,134,Native American Community Academy,Albuquerque,New Mexico,5,5,4,4,4,5,4,3,5,4,4,Monitoring compliance requirements,"School based health center providers: behavioral health, social work, dental, and medical services.",23,34,43,No,,,8,5,7,1,2,4,3,6,9,"Recognition for your school,Visibility into what's underway in other schools,Practical resources related to school innovation and R&D in general,Practical resources related to your school's specific model or innovation,Sharing your school model with other communities that might be interested in adopting it or adapting it for their own context",,4 - 6,Somewhat interested,Yes
4/14/21 11:44,R_22M1v1K56VIfhe0,380,Southeast Area Technical High School (SEA-TECH),Castle Hayne,North Carolina,4,4,2,2,2,1,1,4,4,1,2,"I ranked funding as the highest need. As a new school, we are bound by budgets that really hamper us dreaming bigger. Correction...we dream big, just cannot afford all of our dreams.

I was also a little confused with the wording around accountability systems. I love data, it is what drives decisions. However, I believe we are measuring a lot of the wrong things in one shot assessments. I also wanted to include that graduation requirements actually hinder a lot of what we value as important. I have a teacher looking to 'ungrade' next year. This should be a lot of fun especially when educating parents about the reasoning.","With a career/workforce focus, we depend on public service providers to speak, set up for showcases, provide volunteer & internship placements, serve on Advisory Boards, be present as time allows. We started a Fire Fighter Academy this year and have had many donations and loaning of equipment to make the learning authentic.",33,33,34,Yes,I wanted to know how many schools in our state were in the database and if they were traditional schools.,"Yes, totally",6,2,8,1,3,5,4,7,9,"Recognition for your school,Visibility into what's underway in other schools",I believe EdNC coming for a study visit is another benefit.,None that I know personally,,Yes
4/14/21 11:48,R_a4rZ0CbyBsAa8j7,325,Nuvu Studio,Cambridge,Massachusetts,1,1,2,2,2,1,1,2,1,1,1,"NuVu really falls outside of these factors, honestly. We are a proprietary, solely independent micro-school. ",,0,50,50,Yes,to research a public district that had contacted us for potential collaboration opportunity,"Yes, partially",1,2,3,8,5,7,6,4,9,"Communities of practice with similar innovative schools,Sharing your school model with other communities that might be interested in adopting it or adapting it for their own context",,4 - 6,Neutral,Yes
4/14/21 11:48,R_3DvChN7BQbCuYkB,247,Blue Valley Center for Advanced Professional Studies (CAPS),Overland Park,Kansas,4,5,5,4,4,4,1,2,3,2,1,We must remove arbitrary artifacts of the school system (i.e. rigid school course schedules/seat time) and ensure continued financial support for models to continue diffusing their innovations.,,10,60,30,No,,,7,3,8,2,4,6,5,1,9,"Recognition for your school,Visibility into what's underway in other schools",,7 or more,Very interested,Yes
4/14/21 12:02,R_1Nzc4ZwUU81WmKJ,429,The Workshop School,Philadelphia,Pennsylvania,5,4,4,5,2,2,4,2,4,4,4,"To do innovative work, you need (we need) autonomy over curriculum, funding to do the work, and some protection from the ""death by 1000 cuts"" that most systems subject innovation to.",,15,35,50,No,,,5,6,7,1,3,2,8,4,9,Recognition for your school,,4 - 6,Very interested,Yes
4/14/21 12:04,R_2SfsCcReKVEFV9u,481,Arlington STEM Academy,Arlington,Texas,3,3,4,4,3,5,3,3,5,2,4,"In order for us to successfully implement our model, we must have highly qualified educators who have a working knowledge of our state accountability system.","Interactions with local libraries, healthcare providers, and educational providers at the local and state level are important to the successful implementation of our innovative model.",29,40,31,Yes,I used the Canopy data portal to identify the practices used by innovative schools. ,"Yes, totally",7,5,6,8,4,2,1,3,9,"Recognition for your school,Visibility into what's underway in other schools,Connections to researchers,Communities of practice with similar innovative schools,Practical resources related to school innovation and R&D in general,Practical resources related to your school's specific model or innovation,Sharing your school model with other communities that might be interested in adopting it or adapting it for their own context,A gift card in recognition for your time on the survey",No,1 - 3,Somewhat interested,Yes
4/14/21 12:14,R_2PiqtMOtjCOYCTu,421,Great Oaks Bridgeport,Bridgeport,Connecticut,3,5,4,5,5,4,4,4,5,3,4,"The closer something has to directly impacting student performance, the higher I rate it. ",Government agencies and officials. ,18,67,15,No,,,1,4,3,2,6,5,7,8,9,"Recognition for your school,A gift card in recognition for your time on the survey",,1 - 3,Somewhat interested,Yes
4/14/21 12:24,R_2rHLhUdN2bdkYWJ,209,Two Rivers Public Charter School - 4th St,Washington,District of Columbia,5,5,3,4,3,4,3,2,5,1,5,"As a charter school, we are held accountable to a public charter school board that maintains a its own implementation reviews and report cards. This is specific to the context in DC but is highly influential in implementing out model.",,50,50,0,Yes,Look at other model schools as a point of comparison.,"Yes, totally",1,8,5,3,6,4,7,2,9,"Recognition for your school,Visibility into what's underway in other schools",,4 - 6,Neutral,Yes
4/14/21 12:42,R_xguc8OmlKfKKBhL,415,Yu Ming Charter School,Oakland,California,5,5,5,3,1,4,4,3,4,3,4,"Support from our philanthropic partners and additional state funding has helped us to sustain our innovation work. The additional documentation required by our state department of education (California) this year has been onerous for small public school systems like us, small charter schools that are not at the same scale as the large public school districts.",We do not rely on public service providers or agencies other than for meal service.,9,52,39,No,,,6,1,9,3,2,4,5,7,8,None of these,,7 or more,Neutral,No
4/14/21 12:48,R_2zj1DW7cf71qDJd,475,Link Learning,Berrien Springs,Michigan,5,3,4,5,3,5,3,5,5,3,3,"The ones I listed high are ones that directly impact the services we can offer our students.  Revenue and interactions with public services allow us to give complete wrap around services to all of our students that are in need since we are an at-risk program for students that literally are on their last chance to get a diploma and the skills needed to be successful in life.

Accountability is huge and I support it, however, accountability looks completely different in a virtual school for at-risk youth.  That has to be taken into consideration as it is real.  Another piece around accountability is the fact, accountability must include student behavior when it comes to virtual learning.  We have a great system that I would love to share as it has been very successful for us.  Others need to see it and I would love to help people understand that.

Finally teacher credentials need to make sense as well as take into consideration the ""real"" world and situations we are living in.  There is a teacher shortage and adding more is only hurting the teacher pool to pick from.  Evaluations also need to make sense in a virtual setting.  Most evals are set up for traditional school, not virtual schools.",We work with probation officers and local community agencies currently.  I would like to see those expanded to create a partnership and we can create specific services together for kids with mental health and other needs.,40,60,0,No,,,8,7,4,3,1,6,5,2,9,"Recognition for your school,Visibility into what's underway in other schools,Communities of practice with similar innovative schools",I attended a zoom meeting hosted by the Aurora Institute that was really valuable.  I enjoyed hearing from others around what they were doing.,None that I know personally,,Yes
4/14/21 12:57,R_3dLla1vgqorQZBR,41,CodeRVA Regional High School,Richmond,Virginia,1,5,1,5,5,1,5,3,3,1,5,,-,0,25,75,No,,,1,8,6,2,3,9,4,5,7,"Recognition for your school,A gift card in recognition for your time on the survey",,1 - 3,Somewhat interested,Yes
4/14/21 13:03,R_1eFzakvkTOTBGSH,234,Virtual Learning Academy,Exeter,New Hampshire,5,4,5,4,3,3,3,2,4,3,3,,,17,29,54,Yes,  ,I don't remember,4,1,5,6,7,2,8,3,9,Visibility into what's underway in other schools,,None that I know personally,,Yes
4/14/21 13:26,R_3dQHA7OikkLzZMS,389,Central Vermont Career Center,Barre,Vermont,3,3,2,3,2,4,2,2,3,2,3,None ,,43,35,22,No,,,3,1,7,4,5,6,2,8,9,Recognition for your school,,None that I know personally,,No
4/14/21 13:50,R_3oLSyqYh9AApb30,472,Burlington City & Lake Semester,Burlington,Vermont,3,5,4,1,2,1,2,1,1,3,1,"Calendar and schedule are, huge constraints on innovation. New programs, particularly those that are community-based, like ours, need space in the schedule that allows students to get out of the school building during the day and interact with other adults and projects. 
Another critical factor is the state-level and district-level support for Flexible Pathways and transferable skills instruction. These support new approaches against the inertia of existing systems. ",,10,40,50,No,,,1,4,5,3,2,7,6,8,9,"Recognition for your school,A gift card in recognition for your time on the survey",,1 - 3,Not very interested,No
4/14/21 13:51,R_1JK49wKjF2C9NUu,80,Fred Tjardes School of Innovation,Greeley,Colorado,4,3,2,2,2,5,3,2,2,1,1,"The current accountability system is so narrowly constructed that it, at times, constrains the work that we are trying to do.  ",,49,24,27,No,,,4,2,5,6,1,3,7,8,9,"Sharing your school model with other communities that might be interested in adopting it or adapting it for their own context,A gift card in recognition for your time on the survey",,None that I know personally,,No
4/14/21 14:37,R_2tzBXlaxiji91ih,85,Girls Athletic Leadership Middle School,Denver,Colorado,5,5,4,4,3,2,4,2,4,2,5,"We are a public charter school that serves a diverse population.  If we were not a public school we would not have the capacity to raise enough money to run our school or our program.  That being said, we fundraise about $500,000 annually to cover our program's extra costs.  And our district has an open enrollment single system, which helps us to find and place families in our program. ",,10,41,49,Yes,To look for other programs for thought partners as we continue to innovate! AND to look for other ideas on how we can continue to provide innovative programming.,"Yes, partially",1,7,4,2,5,8,6,3,9,"Recognition for your school,Visibility into what's underway in other schools,Connections to researchers",,4 - 6,Somewhat interested,Yes
4/14/21 18:17,R_2PjU5Q1c57yjNo1,397,Williams Elementary School,Pasadena,Texas,5,2,2,1,1,1,1,2,3,1,1,"Of course, public funds (and some philanthropic funds) fund student and teacher computers, specialist salaries to support innovation at a district level and the Personalized Learning platform we utilize for 4th grade students, among so many other factors that lead to success.  

I do think without the right teachers with a growth mindset, innovation does thrive.  I'm not sure if that is what is meant by teacher/staff credentialing.",,10,10,80,No,,,5,1,8,7,2,6,3,4,9,Recognition for your school,,1 - 3,Somewhat interested,Yes
4/14/21 18:31,R_1dhj7aezoHebCbU,35,CICS West Belden,Chicago,Illinois,4,4,3,3,3,3,1,1,1,1,1,"We can innovate around a lot of requirements, but funding is more important!",,33,33,34,No,,,7,3,8,1,2,6,4,5,9,"Recognition for your school,Visibility into what's underway in other schools,Communities of practice with similar innovative schools,A gift card in recognition for your time on the survey",,7 or more,Neutral,Yes
4/14/21 19:32,R_p3FWzlxATXTnPvb,235,International School of the Americas,San Antonio,Texas,1,2,3,2,3,5,3,4,2,4,1,"As a public school the availability of public ally generated funding and release of federal dollars in the current educational environment is essential to operate.  With small, diverse faculty multiple credentials creates flexibility and creativity for course offerings and blocking.",Communities in schools,1,37,62,No,,,8,2,7,5,1,3,4,6,9,Communities of practice with similar innovative schools,,1 - 3,Somewhat interested,Yes
4/14/21 19:59,R_1duX1uQyFUG6bpE,236,5280 High School,Denver,Colorado,5,5,1,2,4,5,3,5,4,4,1,"In my opinion, the biggest issue is how we (society) determine what makes a good school?  How schools are evaluated and what ""quality"" means is a major edge of growth for innovation in schools. ","mental health professionals, juvenile justice",25,33,42,No,,,7,5,8,6,1,4,3,2,9,"Recognition for your school,Visibility into what's underway in other schools,Sharing your school model with other communities that might be interested in adopting it or adapting it for their own context",,4 - 6,Somewhat interested,No
4/14/21 22:31,R_2PA0JLGwZREe4Ql,272,Fulton Academy of Science and Technology,"Roswell, GA",Georgia,5,5,3,3,1,4,3,4,5,1,5,"Money is obvious.  We need more revenue than is currently provided by our district to do some of the innovation we do.  We want teachers to have credentials that align with a STEM environment.
Numbers are critical and we must pay attention to drawing as many students as possible into our lottery.  This year we had 1065 applicants for 150 spaces but it is ongoing efforts year round that have to be employed.","LEA, Department of Education",33,33,34,Yes,COVID related,I don't remember,1,3,7,2,4,5,6,8,9,"Recognition for your school,Visibility into what's underway in other schools,A gift card in recognition for your time on the survey",,1 - 3,Not very interested,Yes
4/15/21 8:54,R_SIQQOpyW85J8wkF,394,Hazen Union High School,Hardwick,Vermont,4,3,3,5,3,3,3,3,3,3,3,"We need to craft a graduation system that demolishes the concepts of credits, and accumulating credits, for graduation.","We have a community partners' coalition, which has been effective, that we need to grow and expand.",51,49,0,Yes,Searching for SEL approaches and PLP implementation. ,"Yes, totally",7,2,3,8,1,5,6,4,9,"Recognition for your school,Visibility into what's underway in other schools,Connections to researchers,Communities of practice with similar innovative schools,A gift card in recognition for your time on the survey",,1 - 3,Somewhat interested,Yes
4/15/21 9:05,R_3JxegYl1an0OxUb,165,Purdue Polytechnic High School,Indianapolis,Indiana,5,5,5,5,4,4,4,3,4,1,4,"As a charter school network in Indiana, we do not have access to local property tax revenue. Traditional school districts use that locally generated revenue to support their facility needs and are able to keep all of the state per pupil funding for school operations. In our case, we have to use the per pupil funding for operations and for facilities. This means that maximizing public revenue and philanthropic dollars is critical to our continued operation and expansion. While we are exempt from seat time requirements, the lack of flexibility in the traditional K-12 management systems (SIS, LMS) makes us work harder to implement our unique model.","We work with a number of external agencies to provide opportunities for students, particularly for internships and social services.",30,50,20,Yes,To look at other schools who are doing similar work that we are to see if there are any collaboration possibilities.,"Yes, partially",4,6,7,1,2,5,8,3,9,"Recognition for your school,Visibility into what's underway in other schools",,7 or more,Very interested,Yes
4/15/21 9:09,R_WfKpzX9cA6JeCxX,293,Iowa BIG,Cedar Rapids,Iowa,3,3,2,5,4,4,2,3,3,1,1,Iowa passed a competency based law that removed seat time requirements if you were Comp-based. Without this law we couldn't have started Iowa BIG. Most of the other constraints are district-level due to fear and a desire for standardization.,They make great project partners so they are important in that respect. We can always use more mental health services.,10,40,50,No,,,1,6,3,2,4,7,8,5,9,"Recognition for your school,Communities of practice with similar innovative schools,Sharing your school model with other communities that might be interested in adopting it or adapting it for their own context",,7 or more,Somewhat interested,Yes
4/15/21 10:30,R_3qevCgTNT73rIY9,208,TRIO Wolf Creek Distance Learning Charter School,Chisago City,Minnesota,5,1,4,4,2,3,2,2,5,4,5,Having teachers who can work in a virtual setting and be credentialed is so important to the world of virtual learning.,,5,90,5,Yes,To find information on other schools and build cooperative relationships.,"Yes, partially",9,2,4,8,3,6,7,1,5,Visibility into what's underway in other schools,,4 - 6,Somewhat interested,Yes
4/15/21 10:34,R_1msIpBMW6iuqNgC,291,International High School at Langley Park,Blandensburg,Maryland,4,1,2,5,4,4,1,5,5,5,5,"While we are an innovative school, we are still bound by some of the constraints of archaic policies and procedures. ",We are a community school and we work with a myriad of organizations to meet all of our students where they are. We work with CASA and Internationals Network for Public Schools primarily. ,10,40,50,No,,,3,6,7,8,5,1,4,2,9,"Recognition for your school,Visibility into what's underway in other schools,A gift card in recognition for your time on the survey",,7 or more,Very interested,Yes
4/15/21 12:32,R_9BKh8hz6nW0yPC1,458,The Albuquerque Sign Language Academy,Albuquerque,New Mexico,5,4,3,2,2,3,2,4,5,1,4,"Money, partnerships, and public education compliance are the major factors that define the boundaries within which we innovate.  The ability for us to be great within any/all of those categories allows us the opportunity to refine program.","US Forrest Service, US Fish and Wildlife, Rocky Mountain Youth Corp, Youth Conservation Corp, New Mexico Wildlife Federation",15,44,41,No,,,1,8,3,2,6,4,7,5,9,None of these,We've only just begun the connection to The Canopy Project.,1 - 3,Somewhat interested,Yes
4/15/21 14:03,R_2asCGG2XZqi3aH0,319,Nipmuc Regional High School,Upton,Massachusetts,4,2,3,4,4,3,1,1,3,4,1,,,10,80,10,Yes,We explored data and reviewed the programming of other schools. ,"Yes, partially",5,3,7,8,2,1,4,6,9,"Recognition for your school,Visibility into what's underway in other schools,A gift card in recognition for your time on the survey",,1 - 3,Somewhat interested,Yes
4/15/21 14:29,R_2VD5iNQOfWwTT2I,300,Leominster Center for Excellence,Leominster,Massachusetts,5,3,1,1,5,3,3,4,4,4,3,"We rely on public revenue for all of our funding.  Although we aspire to access more grant/philanthropic money, we have not yet built the capacity to do so.  The non-traditional approach to assessment can be difficult to translate for colleges interested in more traditional admissions processes.  This could potentially put our students at a disadvantage.  Although I think other colleges may appreciate our more personalized and in-depth method of assessment.  This may give our students an advantage in some cases.","Local government, policy makers",20,30,50,No,,,3,5,6,2,4,7,8,1,9,"Recognition for your school,A gift card in recognition for your time on the survey",No,7 or more,Somewhat interested,Yes
4/15/21 15:42,R_1Qz5H1wff5n0mHe,122,Map Academy Charter School,Plymouth,Massachusetts,5,4,4,4,1,4,5,4,3,1,4,,"We have a wide range of wraparound service providers. Our school serves disconnected youth and young adults, so we work with agencies across the public service spectrum. This includes housing, mental health, substance abuse, healthcare, child protective services, probation, crisis team, etc.",0,100,0,Yes,I follow the blog posts and spent a bit of time exploring the portal,"Yes, totally",5,2,4,3,1,6,7,8,9,"Recognition for your school,Visibility into what's underway in other schools,Connections to researchers,Practical resources related to school innovation and R&D in general",,7 or more,Very interested,Yes
4/16/21 8:11,R_wWPkgeKCyiGqeBP,455,Uxbridge High School,Uxbridge,Massachusetts,4,4,3,4,1,2,3,3,3,3,1,"Ongoing funding is a challenge in our community, as well as opportunities to continue revising our expectations for schedule and class time. I think working with teachers to remain current in their field and balancing diverse student needs is also critical, but not listed above.","We work very closely with our local Chamber of Commerce. We would benefit greatly from an enhanced relationship with local mental health service providers, which are fairly absent supporting our work.",8,37,55,Yes,Comparison of best practices in considering improvement goals.,"Yes, partially",1,4,8,2,5,7,3,6,9,"Recognition for your school,Visibility into what's underway in other schools,Sharing your school model with other communities that might be interested in adopting it or adapting it for their own context",,1 - 3,Neutral,Yes
4/16/21 9:04,R_2QuFekUYEaqKdfX,266,Embark Education,Denver,Colorado,3,4,5,4,4,3,4,4,3,1,3,I rated Calendar and Schedule requirements the highest because time is the most important resource we have and oftentimes learning is contorted to fit time constraints vs time flexing to meet learning needs.,social services,70,20,10,Yes,To search for like-minded schools and professionals to connect and learn from and with.,"Yes, totally",2,6,3,4,5,7,8,1,9,Visibility into what's underway in other schools,,4 - 6,Neutral,Yes
4/16/21 10:12,R_332WxqZsdKAl98E,102,Innovations High School,Reno,Nevada,5,5,5,5,4,3,3,5,5,5,5,"We are still a District high school.  It's actually a terrible environment to function through with the high stakes accountability and severe lack of funding.  We have been sliced year after year.  In the span of one fiscal year, Innovations High School has lost 10 certified employees.  Direct negative impact to our children.  We are currently looking at finding philanthropic support to find ""another way"" before this district makes us disappear.  ","Family Resource Center, Social Services, Juvenile Services, AWAKEN (for trafficked youth)",23,31,46,Yes,Attempting to SAVE OUR SCHOOL!,"Yes, totally",1,6,5,2,3,7,8,4,9,"Recognition for your school,Visibility into what's underway in other schools,Connections to researchers,Communities of practice with similar innovative schools,Practical resources related to school innovation and R&D in general,Sharing your school model with other communities that might be interested in adopting it or adapting it for their own context",,7 or more,Neutral,Yes
4/16/21 15:18,R_2fvXjhZ4H3a1S0x,100,Urban Discovery High School,San Diego,California,5,4,5,5,4,4,2,3,3,4,3,,"For this year departments of public health. In general, as an inner-city school system it is working with health and human services to address supports for families, ",23,47,30,Yes,"Most recently, modalities used during the pandemic. Previously for an overview of what others are doing and find effective as strategies.","Yes, partially",3,4,7,8,5,6,2,1,9,"Visibility into what's underway in other schools,Connections to researchers,Practical resources related to school innovation and R&D in general,Practical resources related to your school's specific model or innovation",,1 - 3,Somewhat interested,Yes
4/18/21 9:39,R_1LZI3wMCA32LNMs,81,Future Public School,Boise,Idaho,5,4,3,2,2,3,3,2,3,1,4,"Idaho facility funding is not in favor of charters. State funding model does not weight special populations, such as SPED - in which we have a very high population (approx. 20%). ",,30,65,5,No,,,1,2,7,4,3,9,6,8,5,"Recognition for your school,Visibility into what's underway in other schools,A gift card in recognition for your time on the survey",,1 - 3,Neutral,No
4/19/21 12:21,R_OkaZPl9rhsIYsAF,105,Juab High School,Nephi,Utah,5,1,4,3,3,3,1,4,4,1,1,Having to find ways around restrictive policies takes time and energy that we don't have. Everyone wants change but they don't want to change. Policymakers are becoming more flexible in Utah as of late.,We work closely with all of our local agencies in what we call our Juab Local Interagency Commitee. This allows us to access all kinds of resources for students and families very quickly and avoid a lot of red tape.,10,20,70,Yes,I looked at the practices of other schools to see what I could steal and ideas I could consider.,"Yes, totally",2,1,6,7,4,8,5,3,9,"Recognition for your school,Visibility into what's underway in other schools,Sharing your school model with other communities that might be interested in adopting it or adapting it for their own context",,4 - 6,Somewhat interested,Yes
4/19/21 22:10,R_ptOUIsCvHU6jqsV,356,Stockton Elementary School,Stockton,Kansas,2,2,4,4,4,4,2,3,4,3,1,"While we innovate, we must still keep in mind the required hours to be audited, the board of regents requirements, and the conversation of grades to a GPA for our students once they transition to the secondary school. While these factors are not as impactful to us at the elementary school, they do impact our system's innovative changes. ",Mental health providers,25,50,25,Yes,I read other schools' data and information for ideas and reflection. ,"Yes, totally",3,6,7,8,2,5,1,4,9,"Recognition for your school,Visibility into what's underway in other schools,Communities of practice with similar innovative schools,Practical resources related to school innovation and R&D in general,Practical resources related to your school's specific model or innovation,Sharing your school model with other communities that might be interested in adopting it or adapting it for their own context,A gift card in recognition for your time on the survey",,7 or more,Very interested,Yes
4/22/21 9:29,R_5bvB5UwdWZwXEWZ,276,Grand Rapids Public Museum School,Grand Rapids,Michigan,5,5,4,4,3,4,3,2,2,3,4,"Other areas can usually be navigated with enough persistence, but adequate funding is essential.",,20,20,60,No,,,6,1,5,3,2,7,8,4,9,"Recognition for your school,Sharing your school model with other communities that might be interested in adopting it or adapting it for their own context",,4 - 6,Very interested,Yes
4/22/21 10:23,R_1gNkiXjDaM2ctWZ,483,Detroit Prep,Detroit,Michigan,5,5,3,3,3,3,3,3,3,3,3,We are in the bottom 5 funded states in the country.,NA,20,50,30,Yes,Learning about other school models,"Yes, partially",4,1,7,6,2,8,9,3,5,"Recognition for your school,Visibility into what's underway in other schools,Sharing your school model with other communities that might be interested in adopting it or adapting it for their own context,A gift card in recognition for your time on the survey",,4 - 6,Somewhat interested,Yes
4/22/21 10:24,R_xlrCm2E3vUDn0XL,345,Saint John Paul II,Minneapolis,Minnesota,5,5,5,4,4,5,5,3,3,1,1,Funding is constantly a worry when technology and supplies are at the heart of the model.,"Minneapolis Public Schools, Minnesota Department of Health",5,70,25,Yes,I looked up other schools who were working with high ELL populations and others that were doing blended learning.,"Yes, partially",2,6,5,1,4,7,3,8,9,"Recognition for your school,Visibility into what's underway in other schools,Practical resources related to your school's specific model or innovation,Sharing your school model with other communities that might be interested in adopting it or adapting it for their own context,A gift card in recognition for your time on the survey",The professional networks from those reaching out have been good!,1 - 3,Neutral,No
4/22/21 10:25,R_2f0A97vUyN0m22E,176,Sanborn Regional High School,Kingston,New Hampshire,5,4,2,2,4,4,2,3,3,3,2,,SEL providers,20,30,50,No,,,5,1,7,8,2,3,4,6,9,"Recognition for your school,Visibility into what's underway in other schools,Communities of practice with similar innovative schools,Sharing your school model with other communities that might be interested in adopting it or adapting it for their own context",,1 - 3,Somewhat interested,Yes
4/22/21 10:30,R_yxBexTLXp8WoXIZ,323,Northeast Academy for Aerospace and Advanced Technologies,Elizabeth City,North Carolina,5,5,3,5,4,4,3,2,3,1,2,"As a public charter school in North Carolina, we are funded at 84% of a traditional public school. We are located in a Tier 1, high poverty region of NC, so there is very limited philanthropic funding available in our region. We would not have a school were it not for initial funding and grants from some of our historical partners. Also, we must have flexibility for seat time in order to be able to offer students the flexibility they need to be able to complete a 2-year degree and full local internship while they complete high school graduation requirements.",,25,70,5,Yes,"Identifying innovative schools that may be good models/benchmarks for innovations that align with our organizational identity (values, mission, vision).","Yes, partially",3,1,7,2,4,6,5,8,9,Visibility into what's underway in other schools,Not at this time.,None that I know personally,,Yes
4/22/21 10:33,R_przuQTT4t3AIwBX,240,Aspen Valley Prep Academy,Fresno,California,5,5,4,5,2,4,3,4,4,1,3,"Funding is obviously the most important thing, so that we can successfully implement the innovative model by recruiting and retaining highly qualified staff and maintain access to quality technology and facility options. 

Otherwise, legislation or accountability measures that would negatively impact our organization or limit the innovation we are after feel like constant threats.

","We have many community relationships. We desire for our partnerships to benefit our students and their families, which aligns to our theory of change that points to a greater quality of life for all people in our community. We especially appreciate the partnerships with agencies, like All 4 Youth, that offer mental health support and therapeutic services to our students with trauma and other obstacles to learning. ",33,40,27,No,,,1,5,8,3,2,7,4,6,9,"Recognition for your school,Visibility into what's underway in other schools,Connections to researchers,A gift card in recognition for your time on the survey",,4 - 6,Neutral,Yes
4/22/21 10:33,R_3pg9jM0vkTTyg8Z,439,Jasper High School,Jasper,Arkansas,3,2,4,4,3,2,2,3,4,3,2,Our entire flex schedule and intervention program revolves around our calendar.,"Our city has been helpful with allowing kids to work, and other businesses have cooperated with us also.",20,20,60,No,,,8,2,5,6,1,7,3,4,9,"Recognition for your school,Communities of practice with similar innovative schools,A gift card in recognition for your time on the survey",No,1 - 3,Neutral,Yes
4/22/21 10:41,R_3k5GkjgOANqnEwI,363,Tri-County Early College High School,Murphy,North Carolina,3,3,5,5,3,5,3,2,2,1,2,These factors are the ones that prevent us from being fully competency-based.,,20,40,40,No,,,8,3,7,2,1,5,6,4,9,"Visibility into what's underway in other schools,Communities of practice with similar innovative schools,Practical resources related to school innovation and R&D in general,Sharing your school model with other communities that might be interested in adopting it or adapting it for their own context",,1 - 3,Not very interested,Yes
4/22/21 10:42,R_3PYP0CirWfa1Xt5,251,City of Bridges High School,Pittsburgh,Pennsylvania,3,5,2,3,3,1,3,3,2,1,1,One of our core commitments is to ensure accessibility to our school regardless of the income of the family. Therefore securing funding from philanthropic sources is of notable importance. In the long run it is our desire to develop economic systems that eliminate the need outside funding. ,The areas that have the most relevance to our work are providers for transition services and student support services. ,0,60,40,No,,,3,5,6,2,4,7,8,1,9,Recognition for your school,,4 - 6,Somewhat interested,Yes
4/22/21 10:44,R_1JVoyDDKjdJYdfA,194,St. Alphonsus Catholic School,Brooklyn Center,Minnesota,1,4,2,2,4,2,4,1,2,1,1,,,0,0,100,No,,,1,6,7,5,8,4,2,3,9,"Recognition for your school,A gift card in recognition for your time on the survey",,1 - 3,Neutral,Yes
4/22/21 10:53,R_VWo2EaiLz19tcad,183,Shawnee High School,Shawnee,Oklahoma,5,3,4,4,5,4,4,5,4,2,2,"We take into account funds, policy requirements for accreditation, graduation requirements, overall community needs, etc. As you know it is all a balancing act. ",We have many public service providers within our city. ,33,33,34,Yes,I looked at other schools and other data as a result of looking at ours and determining what things perhaps we should be considering.,"Yes, totally",5,6,7,8,2,1,4,3,9,"Communities of practice with similar innovative schools,Practical resources related to school innovation and R&D in general,Practical resources related to your school's specific model or innovation",Just the opportunity to be reflective of our own practices.,1 - 3,Somewhat interested,Yes
4/22/21 10:56,R_ue9Z40LMFutuyDn,480,Leadership Academy,Irving,Texas,5,5,5,3,3,4,3,3,5,1,4,"The quality of educational staffing is vital to our efforts and work. Additionally, having an innovative calendar to meet our goals is a fundamental and critical part of the overall success or our work. ","These services have been limited this year due to the pandemic, however, futuristically speaking, we rely on community connections to support students in field studies, clubs, academics and project based learning.",15,30,55,No,,,2,3,6,5,1,7,4,8,9,"Recognition for your school,A gift card in recognition for your time on the survey",,1 - 3,Neutral,Yes
4/22/21 10:58,R_29s8LWzcmD9uLsZ,312,Nashville Big Picture High School,Nashville,Tennessee,5,3,5,5,2,5,2,5,3,3,4,"Our design focus on personalization and student interests through internships and project based learning.  With navigating school schedule/seat time/state standards and testing requirements, we are often limited on doing our best work for students and families.  Our hope is that policies can be revised to allow schools/districts more freedom to tailor our school's structure to  meet the students' individualized needs without sacrificing academic rigor and honoring a student centered approach.    ",At our school we work with social workers; community organizations that focus on mental health/counseling services; and those who provide housing/food/clothing needs for our students.  We also partner with local colleges to provide our students opportunities to transition to college.s ,10,60,30,No,,,1,2,9,5,3,7,8,6,4,"Recognition for your school,Visibility into what's underway in other schools,Communities of practice with similar innovative schools,Sharing your school model with other communities that might be interested in adopting it or adapting it for their own context",no,4 - 6,Somewhat interested,Yes
4/22/21 10:58,R_s7mLrfuaFRRltjr,211,Urban Assembly Maker Academy,New York,New York,4,3,4,5,4,4,4,4,5,5,4,Seat time continues to be a major factor.,Springpoint and The Urban Assembly,31,40,29,No,,,2,3,4,5,6,7,8,9,1,"Recognition for your school,Connections to funders,A gift card in recognition for your time on the survey",,7 or more,Very interested,Yes
4/22/21 11:02,R_3FXNBbKRcZOGWv0,358,Tahoe Expedition Academy,Truckee,California,1,4,4,3,4,2,2,2,2,1,1,We are a non profit independent school so funding is crucial to our viability,,34,33,33,No,,,1,5,6,2,3,7,8,4,9,None of these,,4 - 6,Neutral,Yes
4/22/21 11:05,R_2XcYDihe8lOFZBW,410,CHIME Institute's Schwarzenegger Community,Woodland Hills,California,5,4,3,3,3,4,3,4,4,3,3,Sustainable and reliable public funding both federally and at the state level to support robust programming and staffing to support high quality inclusive education for all is critical to the spread of this innovation. Federal funding policy needs to fully fund or at minimum dramatically increase the funding promises of IDEA and state funding models like the LCFF in California need to recognize that schools that are serving larger numbers of students with special needs (just like schools serving high numbers of low SES or EL students) require additional funding. ,"Coordination of mental health, medical, and interventions are critical to providing a continuum of care for all students. Creating practices to encourage collaboration between schools and agencies such as Department of Mental Health, Regional Center, MediCal providers etc. could be very impactful for families and students. ",30,50,20,Yes,To look at some other schools that I am familiar with to see what their profiles said. ,"Yes, partially",3,4,6,7,2,8,5,1,9,"Recognition for your school,Visibility into what's underway in other schools,A gift card in recognition for your time on the survey",,1 - 3,Somewhat interested,Yes
4/22/21 11:09,R_sO42IbV7AuWWbrH,83,Gem Prep Nampa,Nampa,Idaho,5,5,4,4,4,4,4,3,4,5,4,"The availability of money to innovate and try unique approaches is critical to our efforts- regardless of the source of those funds. However, we need space to fail, learn, and succeed if innovative efforts are to ever flourish. ",We utilize a local agency that provides no-cost counselling to students. This is important because our ability to hire a counselling staff large enough to support students at a deep level is limited. ,8,59,33,No,,,1,3,8,2,4,6,7,5,9,Recognition for your school,,1 - 3,Neutral,No
4/22/21 11:20,R_28IH7dzi92EFYS7,220,Washington Leadership Academy,Washington,District of Columbia,5,4,4,5,5,5,1,2,1,1,3,they are the largest constraints for us.,,42,29,29,No,,,8,1,3,6,4,5,7,2,9,None of these,,7 or more,Not very interested,No
4/22/21 12:07,R_1Ho7MGPPe3aE3Ze,10,Asa Messer Elementary School,Providence,Rhode Island,5,5,5,3,4,4,5,5,5,2,2,The factors rated highly do not stand independent of each other.  The combined effect of the highly rated areas make successful schools and successful students.,Inner You and Center For Dynamic Learning,35,50,15,No,,,8,4,7,1,5,3,2,6,9,A gift card in recognition for your time on the survey,,1 - 3,Not at all interested,Yes
4/22/21 12:09,R_1OHoEdMR2VhsTVe,47,Concourse Village Elementary School,Bronx,New York,2,4,4,1,1,3,3,4,3,4,1,Labor and contracts tend to impact innovation since it often requires principals to follow specific guidelines for scheduling etc. ,I thought about college/universities as potential partners in the work. ,29,28,43,Yes,I have visited the site for the explore research about innovative schools (mostly resources to get ideas),"Yes, totally",8,5,7,6,1,2,3,4,9,"Recognition for your school,Communities of practice with similar innovative schools,Practical resources related to school innovation and R&D in general,Practical resources related to your school's specific model or innovation",,None that I know personally,,Yes
4/22/21 12:16,R_3paL5ZUiRQ5y0nB,353,South Bronx Community Charter High School,New York City,New York,5,3,5,5,4,4,3,3,5,5,4,"Our school model can be best implemented in an environment where there is regulatory flexibility with regard to who gets to teach. We see SEL as a critical component of our school model and we hire youth development professionals with expertise in this area to lead the advisory, advising and group mentoring supports for students. In addition, we are looking to leverage the flexibilities with seat time requirements to advance our vision of competency based education.","HERE to HERE champions youth in The Bronx by bringing together business, education, and community leaders to build equitable avenues to lifelong career success. We partner with them to connect our students to internships and other career readiness opportunities. 

We partner with CARA, which ensure that first-generation college students, low-income students, and students of color have the knowledge and support necessary to enroll in and persist through college.",20,70,10,Yes,To see what other schools we might connect with on areas of pioneering interests.,"Yes, partially",8,2,4,3,1,6,7,5,9,"Recognition for your school,Visibility into what's underway in other schools",,1 - 3,Somewhat interested,Yes
4/22/21 12:21,R_3DcLtO7nPZJ1r8J,128,Mill Creek Middle School,Dexter,Michigan,3,3,4,5,4,2,3,3,3,4,2,,"Community Service Opportunities, real world application to problems and project based learning, additional supports for families and students, Interactive engaging activities....",10,10,80,No,,,5,7,6,4,1,3,2,8,9,"Recognition for your school,Practical resources related to your school's specific model or innovation","Direct conversation with individual offering ideas and input, was very helpful",1 - 3,Neutral,Yes
4/22/21 13:14,R_1flSCJAuajT8G0P,299,Lead Innovation Studio,Kansas City,Missouri,4,1,4,5,4,4,1,3,3,3,4,"There are many drivers for us, we are a public school and rely on the school board and district administration supporting our program and allocating funds. We also are bound by state laws, regulations, and district guidelines and policies in how we operate our school. ",We have a School Resource Officer through our county sheriff's office who is in our building full time. We also have partnered with local governments on project work our students have completed. ,6,37,57,Yes,Looked at aggregate data for how schools were operating in the pandemic.,"Yes, partially",2,1,3,8,4,5,7,6,9,"Recognition for your school,Visibility into what's underway in other schools,A gift card in recognition for your time on the survey",,1 - 3,Neutral,Yes
4/22/21 13:55,R_1QmuPat0sDiuI69,351,Sojourner Truth Montessori School,Washington,District of Columbia,5,5,3,4,1,4,2,3,3,2,4,,Social support providers (such as organizations that provide social workers)... In DC it has been DBH and Marys Center.,20,40,40,No,,,1,8,7,4,5,6,2,3,9,"Recognition for your school,Connections to researchers",,4 - 6,Neutral,Yes
4/22/21 14:08,R_1lnwUp2AkgXqVhM,462,Spring Grove School,Spring Grove,Minnesota,5,4,4,4,4,5,2,1,3,3,1,"Revenue is what keeps our small school system going, changing and innovating. Accountability systems hold back people's willingness to try new things or unlearn aspects they have used in the past. ",,18,32,50,Yes,I shared it with stakeholders.,I don't remember,2,4,7,1,3,8,6,5,9,Connections to researchers,,7 or more,Not very interested,Yes
4/22/21 15:37,R_2Y9t2KvIcCjydR3,349,Siembra Leadership High School,Albuquerque,New Mexico,5,5,3,5,2,1,5,5,3,1,5,"In New Mexico public schools are funded at a very basic level.  Schools are not funded appropriately for innovation with regard to program, facilities and staff.  This positions schools to seek out alternative funding opportunities for innovation.","Community members, industry experts, non-for-profits, local government and law enforcement
",10,85,5,Yes,"To check out other featured schools, especially in my region of the United States","Yes, totally",1,5,6,2,3,7,8,4,9,"Recognition for your school,Connections to researchers,Connections to funders,A gift card in recognition for your time on the survey",,4 - 6,Somewhat interested,Yes
4/22/21 17:19,R_1gtiZE9mcjmQy9B,201,Taos Academy Charter School,Taos,New Mexico,5,4,4,5,3,2,3,4,4,1,5,State policy on seat time and other flexibilities are in the way of providing personalized learning overall. These are important factors to get changed in policy.,Community connections to help with school/work opportunities or exploration of different fields.  ,34,58,8,No,,,8,4,7,2,3,6,1,5,9,"Recognition for your school,Visibility into what's underway in other schools,Connections to researchers,Communities of practice with similar innovative schools,Sharing your school model with other communities that might be interested in adopting it or adapting it for their own context",Growth of student count ,4 - 6,Very interested,Yes
4/22/21 18:41,R_2sZ59oDKKGQF7rY,215,Valor Flagship Academy,Nashville,Tennessee,5,4,5,4,1,4,2,3,4,1,4,,State DoE,32,36,32,No,,,3,2,4,5,1,6,7,8,9,None of these,,7 or more,Not at all interested,No
4/22/21 21:04,R_2woxvBaa0VkqSE0,94,Highline Big Picture,Highline,Washington,5,3,2,2,2,3,2,3,4,4,4,"Our responses may be a little misleading. Flexibility in scheduling, graduation requirements, seat time, and course progressions is hugely important to us, and we have this due to our pursuit of state-level waivers and our policy advocacy to support legislation enabling our innovations. I rated them lower because they are no longer much a barrier. I rated public funding highest because we depend on it fully. Teacher credentialing and contractual HR relationships reduce our hiring flexibility pretty dramatically, sometimes not a big deal and at other times (like when district tries to displace staff to our school) a big problem. ","Probably social services like mental health counseling, family support services, and other agency supports with things like housing, food shortage, etc. ",16,62,22,No,,,8,5,2,1,4,6,3,7,9,None of these,"I may have neglected opportunities available to me, so the above assessment is not a complaint. Also I already am part of a formal network and several informal ones, so some of the community of practice stuff would be more of a need if I were less networked or just starting out. ",7 or more,Somewhat interested,Yes
4/23/21 8:02,R_3mgx38P4LzC8nSX,27,Casco Bay High School,Portland,Maine,5,4,3,3,3,4,2,2,2,3,3,,,20,30,50,No,,,1,2,6,3,4,7,8,5,9,Recognition for your school,,4 - 6,Not very interested,No
4/23/21 10:25,R_1nOqumrcaJiUf35,78,Francis W. Parker Charter Essential School,Devens,Massachusetts,5,5,4,3,3,4,4,3,2,2,4,"The Parker School is a charter school; charters in MA are funded quite leanly.  We need more robust funding to support team teaching and research-based student-teacher ratios.  Also, Parker was founded with an embedded professional development center, the Sizer Teachers' Center; this center shares best innovative and research-based practices with national, regional, and international schools who express interest in our work.  It is extremely difficult to keep this work alive, and share our innovations, without foundation funding.  ","The School Reform Initiative, LBGTQ+ organizations in our state (MA), and the MA Charter School Association.      ***** The dots below regarding State and local policies would not move for me except a little bit.  State policies = 90   Local policies = 50",88,12,0,No,,,2,8,4,3,5,6,7,1,9,"Recognition for your school,Sharing your school model with other communities that might be interested in adopting it or adapting it for their own context,A gift card in recognition for your time on the survey","It has been a difficult year for ""new learning"" outside of learning about remote learning.  I might have used the Canopy resources more in a different year.  ",4 - 6,Somewhat interested,Yes
4/23/21 16:18,R_31tiwot8PDogn6Z,371,Washtenaw Alliance for Virtual Education (WAVE,Ypsilanti,Michigan,5,4,5,5,1,4,3,4,3,1,1,"Revenue is extremely important for the high-degree of wraparound support services we provide for our students. Our whole program is built on complete flexibility so we definitely need the calendar/schedule flexibility we have built in especially with going year-round. This is also why seat-time, grad requirements, etc.

Evaluation requirements is another factor not listed.","We work with many social service agencies that provide support for our students, particularly a student advocacy center, juvenile justice authorities, and community service agencies.",20,40,40,Yes,Looked at the other schools that are a part of the project.,"Yes, totally",2,3,8,7,4,5,6,1,9,"Visibility into what's underway in other schools,Connections to researchers",,4 - 6,Somewhat interested,Yes
4/23/21 16:52,R_3hg2pxQAzJD4M6v,101,Impact | Puget Sound Elementary,Tukwila,Wa,5,5,2,2,2,5,5,3,4,2,5,"Public funding, which is historically inequitable for charter schools, is of utmost importance to our innovation work. Lower public funding means a higher need to secure philanthropic funds, which is driven by accountability/reporting requirements and student enrollment. Higher philanthropy needs means larger time and effort dedication of personnel to seek out funding, apply and manage reporting.","Typically providers who have wraparound services for our families (e.g. therapy/counseling services, low-income housing agencies).",10,70,20,No,,,5,3,7,1,2,8,6,4,9,"Recognition for your school,Visibility into what's underway in other schools,A gift card in recognition for your time on the survey",,4 - 6,Somewhat interested,No
4/25/21 6:36,R_x61GF3FoXxNFS0N,383,Oxford Virtual Academy,Oxford,Michigan,1,4,3,1,3,2,4,4,2,4,1,"We are a school of choice district. Those flexible laws are essential to the financial health. The way public schools are funded in Michigan is essential not equitable. We receive the lowest foundation amounts from the state while other districts receive thousands more. Yet, communities in the lower FTE category typically have the highest need.  

Where we are in the continuum of personalized learning, some factors mentioned are not as much of an issue now but will be as we possibly move to more of a competency based approach. 

We do not typically receive philanthropic funding. 

Seat time flexibility laws are absolutely essential for us as we are an online/hybrid public school.

Another issue is that many of our family have zero respect for state mandated academic assessments.  ","Examples:
Youth agencies
Easter Seals 
Law enforcement for well checks 
",10,80,10,Yes,"Research 
Ideas
Interest ","Yes, totally",3,1,4,8,2,5,6,7,9,"Recognition for your school,Visibility into what's underway in other schools,Connections to researchers,Practical resources related to your school's specific model or innovation,A gift card in recognition for your time on the survey",,1 - 3,Neutral,Yes
4/25/21 15:32,R_3O0x67Xdy89OR7w,15,Avalon School,St. Paul,Minnesota,5,3,3,4,5,4,3,2,3,2,3,,,39,58,3,No,,,2,3,5,4,6,7,8,1,9,"Recognition for your school,Visibility into what's underway in other schools,Sharing your school model with other communities that might be interested in adopting it or adapting it for their own context",,1 - 3,Not very interested,No
4/26/21 5:18,R_1OUYFNYtHhthr3c,395,Missisquoi Valley Union Middle and High School,Swanton,Vermont,3,1,4,4,3,3,1,4,4,4,2,,We work with our regional mental health agency.  There can be barriers about who they can serve because of Medicaid eligibility.  It is challenging for us to hire our own mental health clinicians to serve students who are not Medicaid eligible.  ,29,55,16,No,,,1,4,5,6,3,7,8,2,9,"Recognition for your school,Visibility into what's underway in other schools,Communities of practice with similar innovative schools,A gift card in recognition for your time on the survey",,1 - 3,Somewhat interested,Yes
4/26/21 6:03,R_vuFpQcbcP7SPoCR,142,North Edgecombe High School,Tarboro,North Carolina,3,5,5,5,3,4,3,4,3,1,1,Philanthropic participation provides the necessary additional funding to execute bold ideas. ,School social worker and clinical therapy. ,2,68,30,Yes,To locate other schools in our state who are testing new school models. ,"Yes, totally",8,1,6,7,3,4,5,2,9,"Visibility into what's underway in other schools,Communities of practice with similar innovative schools,Sharing your school model with other communities that might be interested in adopting it or adapting it for their own context",,1 - 3,Very interested,Yes
4/26/21 8:41,R_28RL4bbC0IgQNli,302,Lincoln Middle School,Lincoln,Arkansas,4,4,4,5,2,3,4,5,4,1,3,We value partnerships with community and local businesses. It is important for us to provide our low income students with opportunities that they might not otherwise experience. ,"Local banks
State partners such as game and fish 
National Fitness Foundation
Donors choice 
Walton Family Foundation
Cane Hill College Arkansas 

",20,60,20,Yes,Compare our data to others. ,"Yes, totally",5,3,8,7,2,4,1,6,9,"Recognition for your school,Sharing your school model with other communities that might be interested in adopting it or adapting it for their own context,A gift card in recognition for your time on the survey",,1 - 3,Very interested,Yes
4/26/21 10:39,R_2qmbZa1L7euN3CD,150,One Stone,Boise,Idaho,2,5,4,3,3,1,5,3,1,1,1,"They are ranked highly because we are independent. Anything having to do with our funding (100% donor, grant, and philanthropic efforts) is imperative to our sustainability and ability to provide our programs at no cost to participants for years to come. Our accountability to regulations from our accreditation organization are also important as well as our evaluation efforts with community partners and funders of our programs. ",public service providers for mental health and social services are important and relevant to our ability to work with youth and provide them the care they need. ,30,40,30,Yes,To look into other partners we work with who are also in the data set and to consider how we are continuing to innovate and learn to work with organizations in other systems of restraints. ,"Yes, partially",4,3,8,1,6,5,7,2,9,"Recognition for your school,Visibility into what's underway in other schools,Connections to researchers",Showing our internal community what else is going on in the nation. Sometimes hard to share about other like-minded sites and this data helps. ,7 or more,Somewhat interested,Yes
4/26/21 11:26,R_1jqEtG2i9DaiCiW,396,Quest Academy,West Haven,Utah,2,2,2,3,3,4,4,3,4,2,4,End of level assessments do not match the PCBL framework we love and use.  (Personalized Competency Based Learning) ,West Haven City ,33,67,0,No,,,1,6,7,4,3,8,5,2,9,"Practical resources related to your school's specific model or innovation,A gift card in recognition for your time on the survey",no,1 - 3,Neutral,Yes
4/27/21 7:31,R_PIoqH4ziSUhiMnv,241,Avonworth High School,Pittsburgh,Pennsylvania,4,3,4,3,4,4,3,5,3,5,1,"Our interactions and connections with community partners fuels our creativity and inspiration.  It matters most in our work to re-design and push our thinking.   Many of the factors listed as important must be accounted for - graduation requirements, college expectations, state testing, etc. - but they are not the drivers.  Without taking time to plan for them, we cannot move forward, unfortunately.   Union relationships allow us to maneuver within ur system, ensuring we are taking acre of teachers and the many changing demands placed on them.  These are important and typically positive, but allow our ideas to actually take shape - teachers must believe they are supported in their work to reach students. ","Local Museums & artisans - Pittsburgh Glass Factory, Carnegie Museums, Consortium for Public Education, Mattress Factory",17,24,59,No,,,6,4,7,8,1,5,3,2,9,"Recognition for your school,Visibility into what's underway in other schools,Practical resources related to school innovation and R&D in general",Connection and patience in my slower than usual responses this year ,4 - 6,Somewhat interested,Yes
4/27/21 14:22,R_3MG1wf7ywgDrv3H,466,The Forest School,Fayetteville,Georgia,5,5,1,1,1,1,3,2,1,1,1,"To be intentionally diverse, we rely upon the GA Tax Credit Program for scholarships for low income families.",,13,74,13,Yes,Learning from other innovative models,"Yes, partially",1,4,5,2,6,7,8,3,9,Recognition for your school,,7 or more,Neutral,Yes
4/28/21 7:13,R_8vnsnmWbEducVK9,1,A2 Virtual + Academy,Ann Arbor,Michigan,5,1,5,4,1,4,1,1,5,4,5,"As a program running in a public school, funding and teachers are the most important factors to ensure we are able to sustain a quality experience for students, parents, and teachers. ",,10,50,40,No,,,4,5,6,9,2,3,1,7,8,"Recognition for your school,Sharing your school model with other communities that might be interested in adopting it or adapting it for their own context,A gift card in recognition for your time on the survey",I can not think of any at this time. ,None that I know personally,,Yes
4/28/21 16:25,R_9uwB04Kv7YGzY0V,79,Frank McCourt High School,New York,New York,4,4,5,5,4,2,2,2,4,5,1,,,10,20,70,No,,,1,2,5,6,3,4,7,8,9,"Visibility into what's underway in other schools,Connections to researchers,Communities of practice with similar innovative schools",,4 - 6,Neutral,Yes
4/29/21 16:30,R_SNPFwQ74x0zVW7L,405,Western School of Science and Technology,Phoenix,Arizona,4,2,5,5,5,5,4,1,1,1,1,,,61,39,0,No,,,1,6,8,2,5,3,7,4,9,A gift card in recognition for your time on the survey,,1 - 3,Not at all interested,Yes
4/30/21 2:27,R_eXKcVIyHrewuxCF,303,Living School,New Orleans,Louisiana,5,4,5,5,4,3,2,2,3,3,3,"Of course the funding model for schooling is so vital to allow us to get this right and then the requirements imposed on us in order to award the diploma restrict us from achieving our greatest level of innovation.  Not listed above are policies that end childhood poverty and protect children and family from government-imposed harm (policing, incarceration, militarization).",,30,40,30,No,,,3,4,9,1,2,5,6,7,8,Visibility into what's underway in other schools,,7 or more,Neutral,No
5/3/21 15:06,R_SDfSKESq46an64V,65,Elmer G Bondy Intermediate,Pasadena,Texas,2,3,4,3,3,5,2,3,5,3,1,,"cps, education service centers",20,60,20,No,,,1,3,8,5,2,6,7,4,9,"Recognition for your school,A gift card in recognition for your time on the survey",,1 - 3,Somewhat interested,Yes
5/3/21 15:17,R_CmlvqQamIHbk8j7,139,New Legacy Charter School,Aurora,Colorado,5,5,4,4,3,3,3,3,3,1,3,"As a school for parenting and pregnant teens, we rely on philanthropic funding because we provide a childcare center for our teen parents.",We get support from county and state agencies to keep our Early Learning Center operational.  It is very important to work with the main three counties we serve students in.,30,60,10,No,,,1,6,8,2,3,7,5,4,9,"Connections to funders,Communities of practice with similar innovative schools",,7 or more,Somewhat interested,No
5/3/21 16:48,R_2zc1Hzakv9KkRsT,391,Bellows Free Academy,Fairfax,Vermont,3,1,3,2,3,3,2,2,3,3,2,,,40,40,20,Yes,Looking for specific programming at similar sized schools,"Yes, partially",1,2,8,7,3,6,5,4,9,"Recognition for your school,Visibility into what's underway in other schools,Practical resources related to your school's specific model or innovation,A gift card in recognition for your time on the survey",,1 - 3,Neutral,Yes
5/3/21 18:07,R_1cSoNKhQJZBkwZJ,109,KIPP Academy Lynn Collegiate,Lynn,Massachusetts,3,5,4,4,5,5,4,4,4,1,4,Those factors are essential to ensuring that we can see our students through college and career. ,Transportation and food ,9,71,20,No,,,8,4,5,2,1,3,6,7,9,A gift card in recognition for your time on the survey,,1 - 3,Somewhat interested,Yes
5/4/21 6:45,R_2uvV4NCeE2SxFUB,146,NYC iSchool,New York,New York,5,1,5,5,4,3,1,3,3,4,3,,"Social service agencies (mental health, ACS, shelter system)",0,50,50,No,,,6,3,5,9,2,1,4,7,8,"Recognition for your school,Connections to researchers,Communities of practice with similar innovative schools,A gift card in recognition for your time on the survey",,1 - 3,Neutral,No
5/4/21 6:48,R_2wgdka2vgdh9G7J,174,Salem High School,Salem,Virginia,5,3,4,4,3,3,2,3,5,1,1,,TDT,12,28,60,No,,,2,3,7,4,1,5,6,8,9,A gift card in recognition for your time on the survey,no,4 - 6,Not very interested,No
5/4/21 7:32,R_Ok7UOn5ESgw6tMd,75,Oakland FlexTech High School,Farmington Hills,Michigan,5,1,5,5,4,2,1,4,3,1,1,"The fewer policies we have to follow, the more innovative and flexible we can be.  Our funding is entirely based on public revenue, as we are a public school.  We are able to provide flexibility with scheduling for students and families because of the ability to modify how we meet the requirements of the school calendar.  With the seat time status, students are able to attend courses from outside the school; this allows for more flexibility with scheduling.","Our ISD, as well as community partnerships around mental health.",40,50,10,No,,,1,6,7,3,4,8,5,2,9,"Recognition for your school,Connections to researchers",,4 - 6,Somewhat interested,Yes
5/4/21 8:32,R_O1m2odd7zM75ToZ,197,STRIVE Prep RISE,Denver,Colorado,4,5,4,3,4,3,3,3,3,3,2,Funding and aligning to the future for our scholars is the most important.,"I am really talking context specific. Because many of our schools share buildings with district schools, ensuring the infrastructure to execute something ""different"" can sometimes feel disruptive to shared campus schools who are not used to schedule changes, and innovation happening across the building.",30,50,20,No,,,8,4,6,1,2,7,3,5,9,"Recognition for your school,Visibility into what's underway in other schools,Connections to funders,Practical resources related to your school's specific model or innovation",,1 - 3,Neutral,Yes
5/4/21 11:26,R_8bNipII8eZ0xCBb,69,EPiC Elementary,Liberty,Missouri,5,5,2,2,2,2,2,2,2,2,4,Funding is an issue for innovation.   We are consistently writing grants to get the things that we need in our innovative site.  I rated it very high because we spend a lot of time trying to find funding. ,,30,50,20,Yes,We have used it for inspiration and ideas from other elementary schools. ,"Yes, totally",3,6,7,8,1,5,2,4,9,"Recognition for your school,Visibility into what's underway in other schools,Connections to researchers,Communities of practice with similar innovative schools,Practical resources related to school innovation and R&D in general,Practical resources related to your school's specific model or innovation,Sharing your school model with other communities that might be interested in adopting it or adapting it for their own context",,7 or more,Very interested,Yes
5/4/21 12:37,R_10Iumwunuq6axLK,130,Minnesota New Country School,Henderson,Minnesota,5,2,2,4,4,5,1,3,4,1,5,"We are a public charter school dependent on state funding, enrollment numbers and have to report to an authorizer.",School linked mental health providers,15,79,6,No,,,4,5,6,7,1,8,2,3,9,Communities of practice with similar innovative schools,,4 - 6,Somewhat interested,Yes
5/4/21 14:09,R_3mZVHBGKSjeeodx,360,Center for Advanced Research and Technology CART,Clovis,California,3,4,4,4,4,2,4,4,4,2,5,"While CART is funded by two local public school district, our partnerships with philanthropic organizations, public and governmental entities, business and industry partners is what allows CART to provide a real-world and relevant experience for students.  Also having quality academic and CTE Teachers contributes to the authentic experience.","Any that have employees who are willing an able to volunteer time to share career opportunities, mentoring time with students, and internships at their place of work.",19,29,52,Yes,TO keep up to date on the work of the Christensen Institute and to explore other schools for innovative practices,"Yes, totally",1,2,7,8,3,4,5,6,9,"Recognition for your school,Visibility into what's underway in other schools,Practical resources related to your school's specific model or innovation",No,4 - 6,Somewhat interested,No
5/4/21 14:42,R_2zvH0YuJMDMwKrQ,331,P.K. Yonge,Gainesville,Florida,4,4,4,5,5,5,4,2,4,5,3,"Transforming an established school requires substantial investments in teachers' learning time and opportunities to collaborate to design forward looking models.  As we are focused on designing and implementing a personalized, mastery-based education system, the policy drivers (testing, accountability, course/graduation requirements, standards) all impact how our system is designed and implemented.",,29,61,10,No,,,1,3,4,5,6,7,8,2,9,"Recognition for your school,Visibility into what's underway in other schools",none so far,4 - 6,Neutral,Yes
5/4/21 15:20,R_265sBG7yshcwQ3u,71,Fannie Lou Hamer Freedom High School,New York,New York,5,4,4,4,3,2,1,1,2,2,2,"funding is alway important, especially when you are located in the poorest congressional district in the country",,0,29,71,No,,,1,2,7,8,3,6,5,4,9,"Recognition for your school,Sharing your school model with other communities that might be interested in adopting it or adapting it for their own context",,7 or more,Very interested,Yes
5/4/21 16:11,R_2AXuUFbzmDekA5O,399,Hilton Head Christian Academy,Bluffton,Sc,1,5,5,5,4,4,4,4,5,1,4,"Funding is always important to permit creativity and risk-taking with the implementation of a new system, as well as maintaining all of the old structures and parameters.  As a private institution, some of our regulatory bodies are a little different, but many of these aspects contribute heavily to our academic and physical model transition.  Training and accountability through evaluations, expectations, and calendar requirements balance our implementation without overwhelming students or faculty.","In the current age of school safety, public service providers assist in policies and procedures for drills, resources to address individual or group needs, and any pertinent emergency needs.",30,40,30,No,,,7,2,3,8,6,5,4,1,9,"Visibility into what's underway in other schools,Practical resources related to school innovation and R&D in general",,4 - 6,Neutral,Yes
,,,,,,,,,,,,,,,,,,,,,,,,,,,,,,,,,,,,,,
,,,,,,,,,,,,,,,,,,,,,,,,,,,,,,,,,,,,,,
,,,,,,,,,,,,,,,,,,,,,,,,,,,,,,,,,,,,,,
,,,,,,,,,,,,,,,,,,,,,,,,,,,,,,,,,,,,,,
,,,,,,,,,,,,,,,,,,,22.07692308,45.18269231,32.74038462,,,,,,,,,,,,,,,,,