"school_id","var_21","usage_a","usage_c","covid_change"
3,"enriched_virtual",1,0,1
3,"fully_remote",0,0,0
3,"fully_in_person",1,1,0
3,"hybrid",1,0,1
3,"rotating_schedule",0,0,0
3,"asynchronous_online",0,0,0
3,"remote_accommodations",1,0,1
3,"family_learning",1,0,1
3,"digital_materials",1,1,0
3,"families_choose_modality",1,0,1
3,"half_days",0,0,0
3,"alternating_days",0,0,0
3,"synchronous_online",1,1,0
3,"print_materials",1,1,0
3,"alternating_weeks",0,0,0
3,"teachers_choose_modality",0,0,0
8,"enriched_virtual",0,0,0
8,"fully_remote",0,0,0
8,"fully_in_person",1,1,0
8,"hybrid",0,0,0
8,"rotating_schedule",0,0,0
8,"asynchronous_online",1,0,1
8,"remote_accommodations",0,0,0
8,"family_learning",1,1,0
8,"digital_materials",1,1,0
8,"families_choose_modality",0,0,0
8,"half_days",0,0,0
8,"alternating_days",0,0,0
8,"synchronous_online",1,0,1
8,"print_materials",0,1,1
8,"alternating_weeks",0,0,0
8,"teachers_choose_modality",0,0,0
15,"enriched_virtual",1,1,0
15,"fully_remote",1,1,0
15,"fully_in_person",0,0,0
15,"hybrid",0,0,0
15,"rotating_schedule",0,0,0
15,"asynchronous_online",1,1,0
15,"remote_accommodations",1,1,0
15,"family_learning",0,1,1
15,"digital_materials",1,1,0
15,"families_choose_modality",0,0,0
15,"half_days",0,0,0
15,"alternating_days",0,0,0
15,"synchronous_online",1,1,0
15,"print_materials",1,1,0
15,"alternating_weeks",0,0,0
15,"teachers_choose_modality",0,0,0
24,"enriched_virtual",0,1,1
24,"fully_remote",1,1,0
24,"fully_in_person",0,0,0
24,"hybrid",0,1,1
24,"rotating_schedule",1,0,1
24,"asynchronous_online",1,1,0
24,"remote_accommodations",1,1,0
24,"family_learning",1,0,1
24,"digital_materials",0,1,1
24,"families_choose_modality",0,1,1
24,"half_days",0,0,0
24,"alternating_days",1,0,1
24,"synchronous_online",1,1,0
24,"print_materials",0,0,0
24,"alternating_weeks",0,0,0
24,"teachers_choose_modality",0,0,0
32,"enriched_virtual",1,1,0
32,"fully_remote",1,0,1
32,"fully_in_person",0,0,0
32,"hybrid",0,1,1
32,"rotating_schedule",0,1,1
32,"asynchronous_online",0,1,1
32,"remote_accommodations",1,1,0
32,"family_learning",1,1,0
32,"digital_materials",1,1,0
32,"families_choose_modality",0,0,0
32,"half_days",0,0,0
32,"alternating_days",0,1,1
32,"synchronous_online",1,1,0
32,"print_materials",1,0,1
32,"alternating_weeks",0,0,0
32,"teachers_choose_modality",0,0,0
35,"enriched_virtual",0,1,1
35,"fully_remote",0,1,1
35,"fully_in_person",0,0,0
35,"hybrid",1,0,1
35,"rotating_schedule",0,0,0
35,"asynchronous_online",1,1,0
35,"remote_accommodations",1,1,0
35,"family_learning",1,1,0
35,"digital_materials",1,1,0
35,"families_choose_modality",0,0,0
35,"half_days",0,0,0
35,"alternating_days",0,0,0
35,"synchronous_online",1,1,0
35,"print_materials",1,1,0
35,"alternating_weeks",0,0,0
35,"teachers_choose_modality",0,0,0
38,"enriched_virtual",1,1,0
38,"fully_remote",0,0,0
38,"fully_in_person",0,0,0
38,"hybrid",1,1,0
38,"rotating_schedule",0,0,0
38,"asynchronous_online",1,1,0
38,"remote_accommodations",1,1,0
38,"family_learning",1,1,0
38,"digital_materials",1,1,0
38,"families_choose_modality",0,0,0
38,"half_days",0,0,0
38,"alternating_days",0,0,0
38,"synchronous_online",1,1,0
38,"print_materials",1,1,0
38,"alternating_weeks",0,0,0
38,"teachers_choose_modality",0,0,0
47,"enriched_virtual",1,1,0
47,"fully_remote",1,0,1
47,"fully_in_person",0,0,0
47,"hybrid",1,1,0
47,"rotating_schedule",1,0,1
47,"asynchronous_online",1,1,0
47,"remote_accommodations",1,1,0
47,"family_learning",1,0,1
47,"digital_materials",1,1,0
47,"families_choose_modality",1,0,1
47,"half_days",0,0,0
47,"alternating_days",1,0,1
47,"synchronous_online",1,1,0
47,"print_materials",1,1,0
47,"alternating_weeks",0,0,0
47,"teachers_choose_modality",0,0,0
52,"enriched_virtual",0,1,1
52,"fully_remote",1,0,1
52,"fully_in_person",1,0,1
52,"hybrid",1,1,0
52,"rotating_schedule",0,1,1
52,"asynchronous_online",1,1,0
52,"remote_accommodations",0,1,1
52,"family_learning",0,1,1
52,"digital_materials",0,1,1
52,"families_choose_modality",1,0,1
52,"half_days",0,0,0
52,"alternating_days",0,1,1
52,"synchronous_online",1,1,0
52,"print_materials",0,1,1
52,"alternating_weeks",0,0,0
52,"teachers_choose_modality",0,0,0
63,"enriched_virtual",1,1,0
63,"fully_remote",1,1,0
63,"fully_in_person",0,0,0
63,"hybrid",0,0,0
63,"rotating_schedule",1,0,1
63,"asynchronous_online",1,1,0
63,"remote_accommodations",1,1,0
63,"family_learning",0,1,1
63,"digital_materials",1,1,0
63,"families_choose_modality",0,0,0
63,"half_days",0,0,0
63,"alternating_days",1,0,1
63,"synchronous_online",1,1,0
63,"print_materials",0,1,1
63,"alternating_weeks",0,0,0
63,"teachers_choose_modality",0,0,0
64,"enriched_virtual",0,1,1
64,"fully_remote",1,1,0
64,"fully_in_person",0,0,0
64,"hybrid",0,0,0
64,"rotating_schedule",1,1,0
64,"asynchronous_online",1,1,0
64,"remote_accommodations",1,1,0
64,"family_learning",0,1,1
64,"digital_materials",1,1,0
64,"families_choose_modality",0,0,0
64,"half_days",0,0,0
64,"alternating_days",1,1,0
64,"synchronous_online",1,1,0
64,"print_materials",0,1,1
64,"alternating_weeks",0,0,0
64,"teachers_choose_modality",0,0,0
67,"enriched_virtual",1,1,0
67,"fully_remote",1,1,0
67,"fully_in_person",0,0,0
67,"hybrid",1,0,1
67,"rotating_schedule",1,0,1
67,"asynchronous_online",1,1,0
67,"remote_accommodations",1,1,0
67,"family_learning",1,0,1
67,"digital_materials",1,1,0
67,"families_choose_modality",1,0,1
67,"half_days",0,0,0
67,"alternating_days",1,0,1
67,"synchronous_online",1,1,0
67,"print_materials",0,0,0
67,"alternating_weeks",0,0,0
67,"teachers_choose_modality",1,0,1
70,"enriched_virtual",0,1,1
70,"fully_remote",1,1,0
70,"fully_in_person",0,0,0
70,"hybrid",0,0,0
70,"rotating_schedule",0,0,0
70,"asynchronous_online",1,1,0
70,"remote_accommodations",1,1,0
70,"family_learning",1,1,0
70,"digital_materials",1,1,0
70,"families_choose_modality",0,0,0
70,"half_days",0,0,0
70,"alternating_days",0,0,0
70,"synchronous_online",1,1,0
70,"print_materials",1,1,0
70,"alternating_weeks",0,0,0
70,"teachers_choose_modality",0,0,0
71,"enriched_virtual",0,1,1
71,"fully_remote",0,1,1
71,"fully_in_person",0,0,0
71,"hybrid",1,0,1
71,"rotating_schedule",1,0,1
71,"asynchronous_online",1,1,0
71,"remote_accommodations",1,1,0
71,"family_learning",0,0,0
71,"digital_materials",1,1,0
71,"families_choose_modality",0,0,0
71,"half_days",0,0,0
71,"alternating_days",1,0,1
71,"synchronous_online",1,1,0
71,"print_materials",1,1,0
71,"alternating_weeks",0,0,0
71,"teachers_choose_modality",0,0,0
75,"enriched_virtual",1,1,0
75,"fully_remote",1,1,0
75,"fully_in_person",1,0,1
75,"hybrid",1,0,1
75,"rotating_schedule",1,0,1
75,"asynchronous_online",1,1,0
75,"remote_accommodations",1,1,0
75,"family_learning",1,1,0
75,"digital_materials",1,1,0
75,"families_choose_modality",1,0,1
75,"half_days",0,0,0
75,"alternating_days",1,0,1
75,"synchronous_online",1,1,0
75,"print_materials",0,1,1
75,"alternating_weeks",1,0,1
75,"teachers_choose_modality",0,0,0
76,"enriched_virtual",0,1,1
76,"fully_remote",1,1,0
76,"fully_in_person",0,0,0
76,"hybrid",1,0,1
76,"rotating_schedule",1,0,1
76,"asynchronous_online",1,1,0
76,"remote_accommodations",1,1,0
76,"family_learning",0,1,1
76,"digital_materials",0,1,1
76,"families_choose_modality",1,0,1
76,"half_days",0,0,0
76,"alternating_days",1,0,1
76,"synchronous_online",1,1,0
76,"print_materials",1,1,0
76,"alternating_weeks",0,0,0
76,"teachers_choose_modality",0,0,0
79,"enriched_virtual",0,1,1
79,"fully_remote",0,1,1
79,"fully_in_person",0,0,0
79,"hybrid",1,0,1
79,"rotating_schedule",1,0,1
79,"asynchronous_online",1,1,0
79,"remote_accommodations",1,1,0
79,"family_learning",0,0,0
79,"digital_materials",1,1,0
79,"families_choose_modality",0,0,0
79,"half_days",0,0,0
79,"alternating_days",1,0,1
79,"synchronous_online",1,1,0
79,"print_materials",1,1,0
79,"alternating_weeks",0,0,0
79,"teachers_choose_modality",0,0,0
80,"enriched_virtual",0,0,0
80,"fully_remote",0,0,0
80,"fully_in_person",1,1,0
80,"hybrid",0,1,1
80,"rotating_schedule",0,0,0
80,"asynchronous_online",0,0,0
80,"remote_accommodations",0,1,1
80,"family_learning",0,1,1
80,"digital_materials",0,1,1
80,"families_choose_modality",0,1,1
80,"half_days",0,0,0
80,"alternating_days",0,0,0
80,"synchronous_online",0,0,0
80,"print_materials",0,0,0
80,"alternating_weeks",0,0,0
80,"teachers_choose_modality",0,0,0
83,"enriched_virtual",0,0,0
83,"fully_remote",0,0,0
83,"fully_in_person",0,0,0
83,"hybrid",0,1,1
83,"rotating_schedule",0,1,1
83,"asynchronous_online",0,0,0
83,"remote_accommodations",0,0,0
83,"family_learning",0,0,0
83,"digital_materials",1,1,0
83,"families_choose_modality",0,0,0
83,"half_days",0,0,0
83,"alternating_days",0,1,1
83,"synchronous_online",0,1,1
83,"print_materials",0,0,0
83,"alternating_weeks",0,0,0
83,"teachers_choose_modality",0,0,0
85,"enriched_virtual",1,1,0
85,"fully_remote",1,1,0
85,"fully_in_person",0,0,0
85,"hybrid",0,0,0
85,"rotating_schedule",1,0,1
85,"asynchronous_online",1,1,0
85,"remote_accommodations",1,1,0
85,"family_learning",0,0,0
85,"digital_materials",1,0,1
85,"families_choose_modality",0,0,0
85,"half_days",0,0,0
85,"alternating_days",0,0,0
85,"synchronous_online",1,1,0
85,"print_materials",1,0,1
85,"alternating_weeks",0,0,0
85,"teachers_choose_modality",0,0,0
98,"enriched_virtual",1,1,0
98,"fully_remote",1,1,0
98,"fully_in_person",0,0,0
98,"hybrid",1,0,1
98,"rotating_schedule",0,1,1
98,"asynchronous_online",1,0,1
98,"remote_accommodations",1,1,0
98,"family_learning",1,1,0
98,"digital_materials",1,1,0
98,"families_choose_modality",0,0,0
98,"half_days",0,1,1
98,"alternating_days",0,0,0
98,"synchronous_online",1,1,0
98,"print_materials",1,0,1
98,"alternating_weeks",0,0,0
98,"teachers_choose_modality",1,0,1
100,"enriched_virtual",0,1,1
100,"fully_remote",1,1,0
100,"fully_in_person",0,0,0
100,"hybrid",0,0,0
100,"rotating_schedule",0,0,0
100,"asynchronous_online",1,1,0
100,"remote_accommodations",1,1,0
100,"family_learning",1,1,0
100,"digital_materials",1,1,0
100,"families_choose_modality",0,0,0
100,"half_days",0,0,0
100,"alternating_days",0,0,0
100,"synchronous_online",1,1,0
100,"print_materials",0,0,0
100,"alternating_weeks",0,0,0
100,"teachers_choose_modality",0,0,0
105,"enriched_virtual",1,1,0
105,"fully_remote",0,1,1
105,"fully_in_person",0,1,1
105,"hybrid",0,1,1
105,"rotating_schedule",0,1,1
105,"asynchronous_online",1,1,0
105,"remote_accommodations",1,1,0
105,"family_learning",1,1,0
105,"digital_materials",1,1,0
105,"families_choose_modality",0,1,1
105,"half_days",0,1,1
105,"alternating_days",0,0,0
105,"synchronous_online",1,1,0
105,"print_materials",1,1,0
105,"alternating_weeks",0,0,0
105,"teachers_choose_modality",0,1,1
109,"enriched_virtual",0,0,0
109,"fully_remote",1,1,0
109,"fully_in_person",0,0,0
109,"hybrid",0,0,0
109,"rotating_schedule",0,1,1
109,"asynchronous_online",1,1,0
109,"remote_accommodations",1,1,0
109,"family_learning",0,0,0
109,"digital_materials",1,1,0
109,"families_choose_modality",0,0,0
109,"half_days",0,0,0
109,"alternating_days",0,0,0
109,"synchronous_online",1,1,0
109,"print_materials",0,1,1
109,"alternating_weeks",0,0,0
109,"teachers_choose_modality",0,0,0
117,"enriched_virtual",0,1,1
117,"fully_remote",1,1,0
117,"fully_in_person",0,0,0
117,"hybrid",0,0,0
117,"rotating_schedule",0,0,0
117,"asynchronous_online",1,1,0
117,"remote_accommodations",0,0,0
117,"family_learning",1,0,1
117,"digital_materials",1,1,0
117,"families_choose_modality",0,0,0
117,"half_days",0,0,0
117,"alternating_days",0,0,0
117,"synchronous_online",1,1,0
117,"print_materials",1,1,0
117,"alternating_weeks",0,0,0
117,"teachers_choose_modality",0,0,0
130,"enriched_virtual",1,1,0
130,"fully_remote",0,0,0
130,"fully_in_person",0,0,0
130,"hybrid",1,1,0
130,"rotating_schedule",1,1,0
130,"asynchronous_online",1,0,1
130,"remote_accommodations",1,1,0
130,"family_learning",1,0,1
130,"digital_materials",1,1,0
130,"families_choose_modality",0,0,0
130,"half_days",0,0,0
130,"alternating_days",0,1,1
130,"synchronous_online",1,1,0
130,"print_materials",1,1,0
130,"alternating_weeks",0,0,0
130,"teachers_choose_modality",0,0,0
134,"enriched_virtual",1,1,0
134,"fully_remote",1,0,1
134,"fully_in_person",0,0,0
134,"hybrid",0,0,0
134,"rotating_schedule",1,1,0
134,"asynchronous_online",0,0,0
134,"remote_accommodations",1,1,0
134,"family_learning",1,1,0
134,"digital_materials",1,1,0
134,"families_choose_modality",0,0,0
134,"half_days",0,0,0
134,"alternating_days",1,1,0
134,"synchronous_online",0,1,1
134,"print_materials",1,1,0
134,"alternating_weeks",0,0,0
134,"teachers_choose_modality",0,0,0
139,"enriched_virtual",0,0,0
139,"fully_remote",1,0,1
139,"fully_in_person",0,0,0
139,"hybrid",0,1,1
139,"rotating_schedule",0,1,1
139,"asynchronous_online",1,1,0
139,"remote_accommodations",1,1,0
139,"family_learning",0,0,0
139,"digital_materials",1,1,0
139,"families_choose_modality",0,0,0
139,"half_days",0,0,0
139,"alternating_days",0,1,1
139,"synchronous_online",1,1,0
139,"print_materials",1,0,1
139,"alternating_weeks",0,0,0
139,"teachers_choose_modality",0,0,0
142,"enriched_virtual",0,0,0
142,"fully_remote",1,0,1
142,"fully_in_person",0,0,0
142,"hybrid",0,1,1
142,"rotating_schedule",0,1,1
142,"asynchronous_online",1,0,1
142,"remote_accommodations",1,1,0
142,"family_learning",0,1,1
142,"digital_materials",0,1,1
142,"families_choose_modality",0,0,0
142,"half_days",0,1,1
142,"alternating_days",0,1,1
142,"synchronous_online",1,1,0
142,"print_materials",1,0,1
142,"alternating_weeks",0,0,0
142,"teachers_choose_modality",0,0,0
144,"enriched_virtual",0,0,0
144,"fully_remote",0,0,0
144,"fully_in_person",1,1,0
144,"hybrid",0,0,0
144,"rotating_schedule",0,0,0
144,"asynchronous_online",0,0,0
144,"remote_accommodations",0,0,0
144,"family_learning",0,0,0
144,"digital_materials",1,1,0
144,"families_choose_modality",0,0,0
144,"half_days",0,0,0
144,"alternating_days",0,0,0
144,"synchronous_online",1,0,1
144,"print_materials",1,1,0
144,"alternating_weeks",0,0,0
144,"teachers_choose_modality",0,0,0
146,"enriched_virtual",0,1,1
146,"fully_remote",0,1,1
146,"fully_in_person",0,0,0
146,"hybrid",1,0,1
146,"rotating_schedule",1,0,1
146,"asynchronous_online",1,1,0
146,"remote_accommodations",1,1,0
146,"family_learning",1,1,0
146,"digital_materials",1,1,0
146,"families_choose_modality",0,0,0
146,"half_days",0,0,0
146,"alternating_days",1,0,1
146,"synchronous_online",1,1,0
146,"print_materials",0,0,0
146,"alternating_weeks",0,0,0
146,"teachers_choose_modality",0,0,0
150,"enriched_virtual",1,1,0
150,"fully_remote",0,0,0
150,"fully_in_person",0,0,0
150,"hybrid",1,1,0
150,"rotating_schedule",1,1,0
150,"asynchronous_online",1,0,1
150,"remote_accommodations",1,1,0
150,"family_learning",0,1,1
150,"digital_materials",1,1,0
150,"families_choose_modality",0,0,0
150,"half_days",0,0,0
150,"alternating_days",1,0,1
150,"synchronous_online",1,1,0
150,"print_materials",0,0,0
150,"alternating_weeks",1,0,1
150,"teachers_choose_modality",0,0,0
165,"enriched_virtual",1,1,0
165,"fully_remote",0,0,0
165,"fully_in_person",0,0,0
165,"hybrid",1,1,0
165,"rotating_schedule",1,1,0
165,"asynchronous_online",1,1,0
165,"remote_accommodations",1,1,0
165,"family_learning",1,1,0
165,"digital_materials",1,1,0
165,"families_choose_modality",0,0,0
165,"half_days",0,0,0
165,"alternating_days",1,1,0
165,"synchronous_online",1,1,0
165,"print_materials",0,0,0
165,"alternating_weeks",0,0,0
165,"teachers_choose_modality",0,0,0
180,"enriched_virtual",0,1,1
180,"fully_remote",1,0,1
180,"fully_in_person",0,0,0
180,"hybrid",0,1,1
180,"rotating_schedule",0,0,0
180,"asynchronous_online",1,1,0
180,"remote_accommodations",1,0,1
180,"family_learning",0,0,0
180,"digital_materials",1,1,0
180,"families_choose_modality",0,0,0
180,"half_days",0,0,0
180,"alternating_days",0,0,0
180,"synchronous_online",1,1,0
180,"print_materials",0,1,1
180,"alternating_weeks",0,0,0
180,"teachers_choose_modality",0,0,0
189,"enriched_virtual",0,1,1
189,"fully_remote",1,1,0
189,"fully_in_person",0,0,0
189,"hybrid",0,0,0
189,"rotating_schedule",0,1,1
189,"asynchronous_online",1,1,0
189,"remote_accommodations",1,1,0
189,"family_learning",0,0,0
189,"digital_materials",1,1,0
189,"families_choose_modality",0,0,0
189,"half_days",0,0,0
189,"alternating_days",0,1,1
189,"synchronous_online",1,1,0
189,"print_materials",1,0,1
189,"alternating_weeks",0,0,0
189,"teachers_choose_modality",0,0,0
190,"enriched_virtual",0,1,1
190,"fully_remote",1,0,1
190,"fully_in_person",0,0,0
190,"hybrid",0,1,1
190,"rotating_schedule",1,0,1
190,"asynchronous_online",1,1,0
190,"remote_accommodations",1,0,1
190,"family_learning",0,0,0
190,"digital_materials",1,1,0
190,"families_choose_modality",0,0,0
190,"half_days",1,0,1
190,"alternating_days",0,0,0
190,"synchronous_online",1,1,0
190,"print_materials",1,1,0
190,"alternating_weeks",0,0,0
190,"teachers_choose_modality",0,0,0
192,"enriched_virtual",0,0,0
192,"fully_remote",0,0,0
192,"fully_in_person",0,0,0
192,"hybrid",1,1,0
192,"rotating_schedule",1,1,0
192,"asynchronous_online",1,1,0
192,"remote_accommodations",0,1,1
192,"family_learning",0,0,0
192,"digital_materials",1,1,0
192,"families_choose_modality",0,0,0
192,"half_days",0,0,0
192,"alternating_days",1,1,0
192,"synchronous_online",0,1,1
192,"print_materials",0,1,1
192,"alternating_weeks",0,0,0
192,"teachers_choose_modality",0,0,0
197,"enriched_virtual",0,1,1
197,"fully_remote",1,1,0
197,"fully_in_person",0,0,0
197,"hybrid",0,0,0
197,"rotating_schedule",0,0,0
197,"asynchronous_online",1,1,0
197,"remote_accommodations",1,1,0
197,"family_learning",1,0,1
197,"digital_materials",1,1,0
197,"families_choose_modality",0,0,0
197,"half_days",0,0,0
197,"alternating_days",0,0,0
197,"synchronous_online",1,1,0
197,"print_materials",0,1,1
197,"alternating_weeks",0,0,0
197,"teachers_choose_modality",0,0,0
199,"enriched_virtual",0,1,1
199,"fully_remote",1,1,0
199,"fully_in_person",0,0,0
199,"hybrid",0,0,0
199,"rotating_schedule",0,0,0
199,"asynchronous_online",0,0,0
199,"remote_accommodations",1,0,1
199,"family_learning",1,1,0
199,"digital_materials",1,1,0
199,"families_choose_modality",0,0,0
199,"half_days",0,0,0
199,"alternating_days",0,0,0
199,"synchronous_online",1,1,0
199,"print_materials",0,1,1
199,"alternating_weeks",0,0,0
199,"teachers_choose_modality",0,0,0
208,"enriched_virtual",0,1,1
208,"fully_remote",0,0,0
208,"fully_in_person",0,0,0
208,"hybrid",1,1,0
208,"rotating_schedule",1,1,0
208,"asynchronous_online",1,1,0
208,"remote_accommodations",1,1,0
208,"family_learning",1,1,0
208,"digital_materials",1,1,0
208,"families_choose_modality",0,0,0
208,"half_days",0,0,0
208,"alternating_days",1,0,1
208,"synchronous_online",1,0,1
208,"print_materials",0,0,0
208,"alternating_weeks",0,0,0
208,"teachers_choose_modality",0,0,0
209,"enriched_virtual",0,1,1
209,"fully_remote",1,1,0
209,"fully_in_person",0,0,0
209,"hybrid",0,0,0
209,"rotating_schedule",0,0,0
209,"asynchronous_online",1,1,0
209,"remote_accommodations",1,0,1
209,"family_learning",1,1,0
209,"digital_materials",1,1,0
209,"families_choose_modality",0,0,0
209,"half_days",0,0,0
209,"alternating_days",0,0,0
209,"synchronous_online",1,1,0
209,"print_materials",1,1,0
209,"alternating_weeks",0,0,0
209,"teachers_choose_modality",0,0,0
211,"enriched_virtual",0,1,1
211,"fully_remote",0,1,1
211,"fully_in_person",0,0,0
211,"hybrid",1,0,1
211,"rotating_schedule",1,0,1
211,"asynchronous_online",1,1,0
211,"remote_accommodations",1,1,0
211,"family_learning",1,1,0
211,"digital_materials",1,1,0
211,"families_choose_modality",0,0,0
211,"half_days",0,0,0
211,"alternating_days",1,0,1
211,"synchronous_online",1,1,0
211,"print_materials",1,1,0
211,"alternating_weeks",0,0,0
211,"teachers_choose_modality",0,0,0
213,"enriched_virtual",1,1,0
213,"fully_remote",1,0,1
213,"fully_in_person",0,0,0
213,"hybrid",1,1,0
213,"rotating_schedule",0,1,1
213,"asynchronous_online",1,1,0
213,"remote_accommodations",1,1,0
213,"family_learning",1,1,0
213,"digital_materials",1,1,0
213,"families_choose_modality",1,0,1
213,"half_days",0,0,0
213,"alternating_days",0,1,1
213,"synchronous_online",1,1,0
213,"print_materials",1,1,0
213,"alternating_weeks",0,0,0
213,"teachers_choose_modality",1,0,1
216,"enriched_virtual",1,1,0
216,"fully_remote",1,1,0
216,"fully_in_person",0,0,0
216,"hybrid",0,0,0
216,"rotating_schedule",0,0,0
216,"asynchronous_online",1,1,0
216,"remote_accommodations",1,1,0
216,"family_learning",1,1,0
216,"digital_materials",1,1,0
216,"families_choose_modality",0,0,0
216,"half_days",0,0,0
216,"alternating_days",0,0,0
216,"synchronous_online",1,1,0
216,"print_materials",1,1,0
216,"alternating_weeks",0,0,0
216,"teachers_choose_modality",0,0,0
218,"enriched_virtual",0,1,1
218,"fully_remote",1,0,1
218,"fully_in_person",0,0,0
218,"hybrid",0,1,1
218,"rotating_schedule",0,1,1
218,"asynchronous_online",1,0,1
218,"remote_accommodations",0,1,1
218,"family_learning",0,0,0
218,"digital_materials",1,1,0
218,"families_choose_modality",0,0,0
218,"half_days",0,0,0
218,"alternating_days",0,1,1
218,"synchronous_online",1,1,0
218,"print_materials",0,1,1
218,"alternating_weeks",0,0,0
218,"teachers_choose_modality",0,0,0
220,"enriched_virtual",1,1,0
220,"fully_remote",1,1,0
220,"fully_in_person",0,0,0
220,"hybrid",0,0,0
220,"rotating_schedule",1,0,1
220,"asynchronous_online",1,1,0
220,"remote_accommodations",1,1,0
220,"family_learning",1,0,1
220,"digital_materials",1,1,0
220,"families_choose_modality",0,0,0
220,"half_days",0,0,0
220,"alternating_days",0,0,0
220,"synchronous_online",1,1,0
220,"print_materials",0,0,0
220,"alternating_weeks",0,0,0
220,"teachers_choose_modality",0,0,0
231,"enriched_virtual",1,1,0
231,"fully_remote",0,0,0
231,"fully_in_person",0,0,0
231,"hybrid",1,1,0
231,"rotating_schedule",1,1,0
231,"asynchronous_online",1,1,0
231,"remote_accommodations",1,1,0
231,"family_learning",1,1,0
231,"digital_materials",1,1,0
231,"families_choose_modality",0,0,0
231,"half_days",0,0,0
231,"alternating_days",0,0,0
231,"synchronous_online",1,1,0
231,"print_materials",1,1,0
231,"alternating_weeks",0,0,0
231,"teachers_choose_modality",0,0,0
233,"enriched_virtual",0,1,1
233,"fully_remote",1,1,0
233,"fully_in_person",0,0,0
233,"hybrid",0,0,0
233,"rotating_schedule",0,0,0
233,"asynchronous_online",1,1,0
233,"remote_accommodations",0,1,1
233,"family_learning",0,1,1
233,"digital_materials",1,1,0
233,"families_choose_modality",0,0,0
233,"half_days",0,0,0
233,"alternating_days",0,0,0
233,"synchronous_online",1,1,0
233,"print_materials",0,1,1
233,"alternating_weeks",0,0,0
233,"teachers_choose_modality",0,0,0
234,"enriched_virtual",0,1,1
234,"fully_remote",1,1,0
234,"fully_in_person",0,0,0
234,"hybrid",0,0,0
234,"rotating_schedule",0,0,0
234,"asynchronous_online",1,1,0
234,"remote_accommodations",0,0,0
234,"family_learning",0,0,0
234,"digital_materials",0,0,0
234,"families_choose_modality",0,0,0
234,"half_days",0,0,0
234,"alternating_days",0,0,0
234,"synchronous_online",0,0,0
234,"print_materials",0,0,0
234,"alternating_weeks",0,0,0
234,"teachers_choose_modality",0,0,0
235,"enriched_virtual",0,1,1
235,"fully_remote",0,0,0
235,"fully_in_person",0,0,0
235,"hybrid",1,1,0
235,"rotating_schedule",0,0,0
235,"asynchronous_online",1,1,0
235,"remote_accommodations",0,1,1
235,"family_learning",0,1,1
235,"digital_materials",1,1,0
235,"families_choose_modality",0,0,0
235,"half_days",0,0,0
235,"alternating_days",0,0,0
235,"synchronous_online",1,1,0
235,"print_materials",0,0,0
235,"alternating_weeks",0,0,0
235,"teachers_choose_modality",0,0,0
236,"enriched_virtual",0,0,0
236,"fully_remote",0,1,1
236,"fully_in_person",1,1,0
236,"hybrid",0,0,0
236,"rotating_schedule",0,0,0
236,"asynchronous_online",0,0,0
236,"remote_accommodations",0,1,1
236,"family_learning",0,0,0
236,"digital_materials",1,1,0
236,"families_choose_modality",0,1,1
236,"half_days",0,0,0
236,"alternating_days",0,0,0
236,"synchronous_online",1,1,0
236,"print_materials",1,1,0
236,"alternating_weeks",0,0,0
236,"teachers_choose_modality",0,0,0
237,"enriched_virtual",0,1,1
237,"fully_remote",1,1,0
237,"fully_in_person",0,0,0
237,"hybrid",0,0,0
237,"rotating_schedule",0,0,0
237,"asynchronous_online",1,1,0
237,"remote_accommodations",1,1,0
237,"family_learning",1,1,0
237,"digital_materials",1,1,0
237,"families_choose_modality",0,0,0
237,"half_days",0,0,0
237,"alternating_days",0,0,0
237,"synchronous_online",1,1,0
237,"print_materials",0,1,1
237,"alternating_weeks",0,0,0
237,"teachers_choose_modality",0,0,0
238,"enriched_virtual",1,1,0
238,"fully_remote",1,1,0
238,"fully_in_person",0,1,1
238,"hybrid",0,1,1
238,"rotating_schedule",0,1,1
238,"asynchronous_online",1,1,0
238,"remote_accommodations",1,1,0
238,"family_learning",0,0,0
238,"digital_materials",1,1,0
238,"families_choose_modality",0,1,1
238,"half_days",0,0,0
238,"alternating_days",0,1,1
238,"synchronous_online",1,1,0
238,"print_materials",0,0,0
238,"alternating_weeks",0,0,0
238,"teachers_choose_modality",0,1,1
243,"enriched_virtual",0,0,0
243,"fully_remote",0,0,0
243,"fully_in_person",0,1,1
243,"hybrid",1,0,1
243,"rotating_schedule",0,0,0
243,"asynchronous_online",1,0,1
243,"remote_accommodations",1,1,0
243,"family_learning",0,0,0
243,"digital_materials",1,0,1
243,"families_choose_modality",0,0,0
243,"half_days",0,0,0
243,"alternating_days",0,0,0
243,"synchronous_online",1,1,0
243,"print_materials",0,0,0
243,"alternating_weeks",0,0,0
243,"teachers_choose_modality",0,0,0
247,"enriched_virtual",0,1,1
247,"fully_remote",1,1,0
247,"fully_in_person",0,0,0
247,"hybrid",0,1,1
247,"rotating_schedule",1,1,0
247,"asynchronous_online",1,1,0
247,"remote_accommodations",1,1,0
247,"family_learning",1,1,0
247,"digital_materials",1,1,0
247,"families_choose_modality",0,1,1
247,"half_days",0,0,0
247,"alternating_days",1,1,0
247,"synchronous_online",1,1,0
247,"print_materials",0,1,1
247,"alternating_weeks",0,0,0
247,"teachers_choose_modality",0,0,0
252,"enriched_virtual",0,1,1
252,"fully_remote",1,1,0
252,"fully_in_person",0,1,1
252,"hybrid",1,0,1
252,"rotating_schedule",1,0,1
252,"asynchronous_online",0,0,0
252,"remote_accommodations",1,1,0
252,"family_learning",0,0,0
252,"digital_materials",1,1,0
252,"families_choose_modality",1,1,0
252,"half_days",0,0,0
252,"alternating_days",1,0,1
252,"synchronous_online",1,1,0
252,"print_materials",0,0,0
252,"alternating_weeks",0,0,0
252,"teachers_choose_modality",0,0,0
260,"enriched_virtual",0,0,0
260,"fully_remote",0,0,0
260,"fully_in_person",1,1,0
260,"hybrid",0,0,0
260,"rotating_schedule",0,0,0
260,"asynchronous_online",1,0,1
260,"remote_accommodations",1,1,0
260,"family_learning",1,1,0
260,"digital_materials",1,1,0
260,"families_choose_modality",0,0,0
260,"half_days",0,0,0
260,"alternating_days",0,0,0
260,"synchronous_online",0,0,0
260,"print_materials",0,1,1
260,"alternating_weeks",0,0,0
260,"teachers_choose_modality",0,0,0
266,"enriched_virtual",0,1,1
266,"fully_remote",0,0,0
266,"fully_in_person",0,0,0
266,"hybrid",1,1,0
266,"rotating_schedule",0,0,0
266,"asynchronous_online",1,1,0
266,"remote_accommodations",0,1,1
266,"family_learning",0,1,1
266,"digital_materials",1,1,0
266,"families_choose_modality",0,0,0
266,"half_days",0,0,0
266,"alternating_days",0,0,0
266,"synchronous_online",0,1,1
266,"print_materials",1,1,0
266,"alternating_weeks",0,0,0
266,"teachers_choose_modality",0,0,0
269,"enriched_virtual",0,1,1
269,"fully_remote",1,0,1
269,"fully_in_person",0,0,0
269,"hybrid",1,1,0
269,"rotating_schedule",1,1,0
269,"asynchronous_online",1,1,0
269,"remote_accommodations",1,1,0
269,"family_learning",0,1,1
269,"digital_materials",1,1,0
269,"families_choose_modality",1,0,1
269,"half_days",0,0,0
269,"alternating_days",1,1,0
269,"synchronous_online",0,1,1
269,"print_materials",1,1,0
269,"alternating_weeks",0,0,0
269,"teachers_choose_modality",0,0,0
272,"enriched_virtual",0,1,1
272,"fully_remote",1,1,0
272,"fully_in_person",0,0,0
272,"hybrid",0,0,0
272,"rotating_schedule",0,0,0
272,"asynchronous_online",1,1,0
272,"remote_accommodations",1,1,0
272,"family_learning",0,0,0
272,"digital_materials",1,1,0
272,"families_choose_modality",0,0,0
272,"half_days",0,0,0
272,"alternating_days",0,0,0
272,"synchronous_online",1,1,0
272,"print_materials",1,1,0
272,"alternating_weeks",0,0,0
272,"teachers_choose_modality",0,0,0
276,"enriched_virtual",1,1,0
276,"fully_remote",1,0,1
276,"fully_in_person",0,0,0
276,"hybrid",0,1,1
276,"rotating_schedule",0,1,1
276,"asynchronous_online",1,1,0
276,"remote_accommodations",0,0,0
276,"family_learning",1,0,1
276,"digital_materials",1,1,0
276,"families_choose_modality",0,0,0
276,"half_days",0,0,0
276,"alternating_days",0,1,1
276,"synchronous_online",1,1,0
276,"print_materials",1,0,1
276,"alternating_weeks",0,0,0
276,"teachers_choose_modality",0,0,0
280,"enriched_virtual",0,1,1
280,"fully_remote",1,0,1
280,"fully_in_person",0,0,0
280,"hybrid",0,1,1
280,"rotating_schedule",0,0,0
280,"asynchronous_online",1,1,0
280,"remote_accommodations",0,1,1
280,"family_learning",0,1,1
280,"digital_materials",1,1,0
280,"families_choose_modality",0,0,0
280,"half_days",0,0,0
280,"alternating_days",0,0,0
280,"synchronous_online",1,1,0
280,"print_materials",0,0,0
280,"alternating_weeks",0,0,0
280,"teachers_choose_modality",0,0,0
284,"enriched_virtual",0,0,0
284,"fully_remote",0,0,0
284,"fully_in_person",1,1,0
284,"hybrid",0,0,0
284,"rotating_schedule",0,0,0
284,"asynchronous_online",0,0,0
284,"remote_accommodations",1,1,0
284,"family_learning",0,0,0
284,"digital_materials",1,1,0
284,"families_choose_modality",0,0,0
284,"half_days",0,0,0
284,"alternating_days",0,0,0
284,"synchronous_online",1,1,0
284,"print_materials",1,1,0
284,"alternating_weeks",0,0,0
284,"teachers_choose_modality",0,0,0
287,"enriched_virtual",1,1,0
287,"fully_remote",1,1,0
287,"fully_in_person",0,0,0
287,"hybrid",0,0,0
287,"rotating_schedule",0,0,0
287,"asynchronous_online",1,1,0
287,"remote_accommodations",1,1,0
287,"family_learning",0,0,0
287,"digital_materials",0,1,1
287,"families_choose_modality",0,0,0
287,"half_days",0,0,0
287,"alternating_days",0,0,0
287,"synchronous_online",1,1,0
287,"print_materials",0,0,0
287,"alternating_weeks",0,0,0
287,"teachers_choose_modality",0,0,0
289,"enriched_virtual",0,0,0
289,"fully_remote",1,1,0
289,"fully_in_person",0,1,1
289,"hybrid",1,1,0
289,"rotating_schedule",0,0,0
289,"asynchronous_online",0,1,1
289,"remote_accommodations",1,1,0
289,"family_learning",0,0,0
289,"digital_materials",1,1,0
289,"families_choose_modality",1,1,0
289,"half_days",0,0,0
289,"alternating_days",0,0,0
289,"synchronous_online",1,1,0
289,"print_materials",0,1,1
289,"alternating_weeks",0,0,0
289,"teachers_choose_modality",0,0,0
291,"enriched_virtual",1,1,0
291,"fully_remote",1,1,0
291,"fully_in_person",0,0,0
291,"hybrid",0,0,0
291,"rotating_schedule",0,0,0
291,"asynchronous_online",1,1,0
291,"remote_accommodations",1,1,0
291,"family_learning",1,1,0
291,"digital_materials",1,1,0
291,"families_choose_modality",0,0,0
291,"half_days",0,0,0
291,"alternating_days",0,0,0
291,"synchronous_online",1,1,0
291,"print_materials",1,1,0
291,"alternating_weeks",0,0,0
291,"teachers_choose_modality",0,0,0
292,"enriched_virtual",0,1,1
292,"fully_remote",1,1,0
292,"fully_in_person",0,0,0
292,"hybrid",0,0,0
292,"rotating_schedule",1,0,1
292,"asynchronous_online",1,1,0
292,"remote_accommodations",1,1,0
292,"family_learning",0,0,0
292,"digital_materials",0,0,0
292,"families_choose_modality",0,0,0
292,"half_days",1,0,1
292,"alternating_days",1,0,1
292,"synchronous_online",1,1,0
292,"print_materials",0,0,0
292,"alternating_weeks",0,0,0
292,"teachers_choose_modality",0,0,0
293,"enriched_virtual",0,0,0
293,"fully_remote",0,0,0
293,"fully_in_person",0,0,0
293,"hybrid",1,1,0
293,"rotating_schedule",1,1,0
293,"asynchronous_online",1,1,0
293,"remote_accommodations",0,0,0
293,"family_learning",0,0,0
293,"digital_materials",0,0,0
293,"families_choose_modality",0,0,0
293,"half_days",0,0,0
293,"alternating_days",1,1,0
293,"synchronous_online",0,0,0
293,"print_materials",0,0,0
293,"alternating_weeks",0,0,0
293,"teachers_choose_modality",0,0,0
296,"enriched_virtual",1,0,1
296,"fully_remote",0,0,0
296,"fully_in_person",0,1,1
296,"hybrid",1,0,1
296,"rotating_schedule",1,0,1
296,"asynchronous_online",1,1,0
296,"remote_accommodations",1,1,0
296,"family_learning",1,0,1
296,"digital_materials",1,1,0
296,"families_choose_modality",0,0,0
296,"half_days",1,0,1
296,"alternating_days",0,0,0
296,"synchronous_online",1,1,0
296,"print_materials",1,1,0
296,"alternating_weeks",0,0,0
296,"teachers_choose_modality",0,0,0
299,"enriched_virtual",0,1,1
299,"fully_remote",1,0,1
299,"fully_in_person",0,0,0
299,"hybrid",1,1,0
299,"rotating_schedule",0,1,1
299,"asynchronous_online",1,1,0
299,"remote_accommodations",1,1,0
299,"family_learning",1,1,0
299,"digital_materials",1,1,0
299,"families_choose_modality",1,0,1
299,"half_days",0,0,0
299,"alternating_days",0,1,1
299,"synchronous_online",1,1,0
299,"print_materials",0,1,1
299,"alternating_weeks",0,0,0
299,"teachers_choose_modality",0,0,0
300,"enriched_virtual",1,1,0
300,"fully_remote",1,1,0
300,"fully_in_person",0,0,0
300,"hybrid",0,0,0
300,"rotating_schedule",0,0,0
300,"asynchronous_online",1,1,0
300,"remote_accommodations",1,1,0
300,"family_learning",1,1,0
300,"digital_materials",1,1,0
300,"families_choose_modality",0,0,0
300,"half_days",0,0,0
300,"alternating_days",0,0,0
300,"synchronous_online",1,1,0
300,"print_materials",1,1,0
300,"alternating_weeks",0,0,0
300,"teachers_choose_modality",0,0,0
302,"enriched_virtual",0,1,1
302,"fully_remote",1,0,1
302,"fully_in_person",1,0,1
302,"hybrid",0,1,1
302,"rotating_schedule",0,0,0
302,"asynchronous_online",1,1,0
302,"remote_accommodations",1,1,0
302,"family_learning",1,1,0
302,"digital_materials",1,1,0
302,"families_choose_modality",1,0,1
302,"half_days",0,0,0
302,"alternating_days",0,0,0
302,"synchronous_online",1,1,0
302,"print_materials",0,1,1
302,"alternating_weeks",0,0,0
302,"teachers_choose_modality",0,0,0
303,"enriched_virtual",1,1,0
303,"fully_remote",0,0,0
303,"fully_in_person",0,0,0
303,"hybrid",1,1,0
303,"rotating_schedule",1,1,0
303,"asynchronous_online",1,1,0
303,"remote_accommodations",1,1,0
303,"family_learning",1,1,0
303,"digital_materials",1,1,0
303,"families_choose_modality",0,0,0
303,"half_days",0,0,0
303,"alternating_days",1,1,0
303,"synchronous_online",1,1,0
303,"print_materials",1,1,0
303,"alternating_weeks",0,0,0
303,"teachers_choose_modality",0,0,0
308,"enriched_virtual",1,1,0
308,"fully_remote",1,1,0
308,"fully_in_person",1,1,0
308,"hybrid",1,0,1
308,"rotating_schedule",1,0,1
308,"asynchronous_online",1,1,0
308,"remote_accommodations",1,1,0
308,"family_learning",1,1,0
308,"digital_materials",1,1,0
308,"families_choose_modality",1,1,0
308,"half_days",0,0,0
308,"alternating_days",0,0,0
308,"synchronous_online",1,1,0
308,"print_materials",1,1,0
308,"alternating_weeks",1,0,1
308,"teachers_choose_modality",0,0,0
311,"enriched_virtual",0,0,0
311,"fully_remote",0,0,0
311,"fully_in_person",1,1,0
311,"hybrid",1,0,1
311,"rotating_schedule",0,0,0
311,"asynchronous_online",0,0,0
311,"remote_accommodations",1,1,0
311,"family_learning",0,0,0
311,"digital_materials",1,1,0
311,"families_choose_modality",1,0,1
311,"half_days",0,0,0
311,"alternating_days",0,0,0
311,"synchronous_online",1,1,0
311,"print_materials",1,1,0
311,"alternating_weeks",0,0,0
311,"teachers_choose_modality",0,0,0
312,"enriched_virtual",1,1,0
312,"fully_remote",1,1,0
312,"fully_in_person",0,0,0
312,"hybrid",0,0,0
312,"rotating_schedule",0,0,0
312,"asynchronous_online",1,1,0
312,"remote_accommodations",1,1,0
312,"family_learning",1,1,0
312,"digital_materials",1,1,0
312,"families_choose_modality",0,0,0
312,"half_days",0,0,0
312,"alternating_days",0,0,0
312,"synchronous_online",1,1,0
312,"print_materials",1,1,0
312,"alternating_weeks",0,0,0
312,"teachers_choose_modality",0,0,0
319,"enriched_virtual",0,1,1
319,"fully_remote",1,0,1
319,"fully_in_person",0,0,0
319,"hybrid",0,1,1
319,"rotating_schedule",1,1,0
319,"asynchronous_online",1,1,0
319,"remote_accommodations",1,1,0
319,"family_learning",0,1,1
319,"digital_materials",1,1,0
319,"families_choose_modality",0,0,0
319,"half_days",0,0,0
319,"alternating_days",0,0,0
319,"synchronous_online",1,1,0
319,"print_materials",0,1,1
319,"alternating_weeks",0,0,0
319,"teachers_choose_modality",0,0,0
323,"enriched_virtual",1,1,0
323,"fully_remote",0,0,0
323,"fully_in_person",0,0,0
323,"hybrid",1,1,0
323,"rotating_schedule",1,1,0
323,"asynchronous_online",1,0,1
323,"remote_accommodations",1,1,0
323,"family_learning",1,1,0
323,"digital_materials",1,1,0
323,"families_choose_modality",0,0,0
323,"half_days",1,0,1
323,"alternating_days",1,1,0
323,"synchronous_online",1,1,0
323,"print_materials",1,1,0
323,"alternating_weeks",0,0,0
323,"teachers_choose_modality",0,0,0
324,"enriched_virtual",0,1,1
324,"fully_remote",0,1,1
324,"fully_in_person",0,0,0
324,"hybrid",1,1,0
324,"rotating_schedule",0,0,0
324,"asynchronous_online",1,1,0
324,"remote_accommodations",0,1,1
324,"family_learning",1,1,0
324,"digital_materials",1,1,0
324,"families_choose_modality",0,1,1
324,"half_days",0,0,0
324,"alternating_days",0,0,0
324,"synchronous_online",1,1,0
324,"print_materials",0,1,1
324,"alternating_weeks",0,0,0
324,"teachers_choose_modality",0,1,1
325,"enriched_virtual",1,1,0
325,"fully_remote",0,0,0
325,"fully_in_person",0,0,0
325,"hybrid",1,1,0
325,"rotating_schedule",1,1,0
325,"asynchronous_online",1,1,0
325,"remote_accommodations",0,1,1
325,"family_learning",0,0,0
325,"digital_materials",1,1,0
325,"families_choose_modality",0,0,0
325,"half_days",0,0,0
325,"alternating_days",1,1,0
325,"synchronous_online",1,1,0
325,"print_materials",1,1,0
325,"alternating_weeks",0,0,0
325,"teachers_choose_modality",0,0,0
327,"enriched_virtual",0,1,1
327,"fully_remote",1,1,0
327,"fully_in_person",0,1,1
327,"hybrid",0,0,0
327,"rotating_schedule",0,0,0
327,"asynchronous_online",1,1,0
327,"remote_accommodations",1,1,0
327,"family_learning",1,1,0
327,"digital_materials",1,1,0
327,"families_choose_modality",0,1,1
327,"half_days",0,0,0
327,"alternating_days",0,0,0
327,"synchronous_online",1,1,0
327,"print_materials",1,1,0
327,"alternating_weeks",0,0,0
327,"teachers_choose_modality",0,0,0
329,"enriched_virtual",1,1,0
329,"fully_remote",1,0,1
329,"fully_in_person",0,0,0
329,"hybrid",0,1,1
329,"rotating_schedule",0,0,0
329,"asynchronous_online",1,1,0
329,"remote_accommodations",1,1,0
329,"family_learning",1,1,0
329,"digital_materials",1,1,0
329,"families_choose_modality",0,0,0
329,"half_days",0,0,0
329,"alternating_days",0,0,0
329,"synchronous_online",1,1,0
329,"print_materials",1,0,1
329,"alternating_weeks",0,0,0
329,"teachers_choose_modality",0,0,0
331,"enriched_virtual",1,1,0
331,"fully_remote",0,0,0
331,"fully_in_person",0,0,0
331,"hybrid",1,1,0
331,"rotating_schedule",0,0,0
331,"asynchronous_online",1,1,0
331,"remote_accommodations",1,0,1
331,"family_learning",1,0,1
331,"digital_materials",1,1,0
331,"families_choose_modality",0,0,0
331,"half_days",0,0,0
331,"alternating_days",0,0,0
331,"synchronous_online",1,1,0
331,"print_materials",1,1,0
331,"alternating_weeks",0,0,0
331,"teachers_choose_modality",0,0,0
332,"enriched_virtual",0,1,1
332,"fully_remote",1,1,0
332,"fully_in_person",0,0,0
332,"hybrid",0,0,0
332,"rotating_schedule",0,1,1
332,"asynchronous_online",1,1,0
332,"remote_accommodations",0,1,1
332,"family_learning",0,1,1
332,"digital_materials",0,1,1
332,"families_choose_modality",0,0,0
332,"half_days",0,0,0
332,"alternating_days",0,1,1
332,"synchronous_online",1,1,0
332,"print_materials",0,1,1
332,"alternating_weeks",0,0,0
332,"teachers_choose_modality",0,0,0
333,"enriched_virtual",0,1,1
333,"fully_remote",1,1,0
333,"fully_in_person",0,0,0
333,"hybrid",0,0,0
333,"rotating_schedule",0,1,1
333,"asynchronous_online",1,1,0
333,"remote_accommodations",1,1,0
333,"family_learning",1,0,1
333,"digital_materials",1,1,0
333,"families_choose_modality",0,0,0
333,"half_days",0,1,1
333,"alternating_days",0,0,0
333,"synchronous_online",1,1,0
333,"print_materials",0,0,0
333,"alternating_weeks",0,0,0
333,"teachers_choose_modality",0,0,0
345,"enriched_virtual",0,1,1
345,"fully_remote",0,0,0
345,"fully_in_person",0,0,0
345,"hybrid",1,1,0
345,"rotating_schedule",0,0,0
345,"asynchronous_online",0,1,1
345,"remote_accommodations",1,1,0
345,"family_learning",1,1,0
345,"digital_materials",1,1,0
345,"families_choose_modality",0,0,0
345,"half_days",0,0,0
345,"alternating_days",0,0,0
345,"synchronous_online",1,1,0
345,"print_materials",0,1,1
345,"alternating_weeks",0,0,0
345,"teachers_choose_modality",0,0,0
348,"enriched_virtual",1,1,0
348,"fully_remote",1,1,0
348,"fully_in_person",0,0,0
348,"hybrid",0,0,0
348,"rotating_schedule",1,0,1
348,"asynchronous_online",1,1,0
348,"remote_accommodations",1,1,0
348,"family_learning",0,1,1
348,"digital_materials",1,1,0
348,"families_choose_modality",0,0,0
348,"half_days",0,0,0
348,"alternating_days",0,0,0
348,"synchronous_online",1,1,0
348,"print_materials",1,1,0
348,"alternating_weeks",0,0,0
348,"teachers_choose_modality",0,0,0
349,"enriched_virtual",1,1,0
349,"fully_remote",1,1,0
349,"fully_in_person",0,0,0
349,"hybrid",0,0,0
349,"rotating_schedule",1,1,0
349,"asynchronous_online",1,1,0
349,"remote_accommodations",1,1,0
349,"family_learning",1,1,0
349,"digital_materials",1,1,0
349,"families_choose_modality",0,0,0
349,"half_days",0,1,1
349,"alternating_days",0,1,1
349,"synchronous_online",1,1,0
349,"print_materials",1,1,0
349,"alternating_weeks",0,0,0
349,"teachers_choose_modality",0,0,0
351,"enriched_virtual",1,1,0
351,"fully_remote",1,1,0
351,"fully_in_person",1,0,1
351,"hybrid",0,0,0
351,"rotating_schedule",0,0,0
351,"asynchronous_online",1,1,0
351,"remote_accommodations",1,1,0
351,"family_learning",1,1,0
351,"digital_materials",1,1,0
351,"families_choose_modality",1,0,1
351,"half_days",0,0,0
351,"alternating_days",0,0,0
351,"synchronous_online",1,1,0
351,"print_materials",1,1,0
351,"alternating_weeks",0,0,0
351,"teachers_choose_modality",1,0,1
355,"enriched_virtual",1,1,0
355,"fully_remote",0,1,1
355,"fully_in_person",0,0,0
355,"hybrid",1,0,1
355,"rotating_schedule",0,0,0
355,"asynchronous_online",1,0,1
355,"remote_accommodations",1,1,0
355,"family_learning",1,1,0
355,"digital_materials",1,1,0
355,"families_choose_modality",0,0,0
355,"half_days",0,0,0
355,"alternating_days",0,0,0
355,"synchronous_online",1,1,0
355,"print_materials",1,1,0
355,"alternating_weeks",0,0,0
355,"teachers_choose_modality",0,0,0
356,"enriched_virtual",0,0,0
356,"fully_remote",0,0,0
356,"fully_in_person",1,1,0
356,"hybrid",0,0,0
356,"rotating_schedule",0,0,0
356,"asynchronous_online",0,1,1
356,"remote_accommodations",1,1,0
356,"family_learning",1,1,0
356,"digital_materials",1,1,0
356,"families_choose_modality",0,0,0
356,"half_days",0,0,0
356,"alternating_days",0,0,0
356,"synchronous_online",0,1,1
356,"print_materials",1,1,0
356,"alternating_weeks",0,0,0
356,"teachers_choose_modality",0,0,0
358,"enriched_virtual",1,1,0
358,"fully_remote",1,0,1
358,"fully_in_person",0,0,0
358,"hybrid",0,1,1
358,"rotating_schedule",0,0,0
358,"asynchronous_online",0,1,1
358,"remote_accommodations",1,0,1
358,"family_learning",0,0,0
358,"digital_materials",1,1,0
358,"families_choose_modality",0,0,0
358,"half_days",0,0,0
358,"alternating_days",0,0,0
358,"synchronous_online",1,1,0
358,"print_materials",1,1,0
358,"alternating_weeks",0,0,0
358,"teachers_choose_modality",0,0,0
359,"enriched_virtual",1,1,0
359,"fully_remote",1,1,0
359,"fully_in_person",0,0,0
359,"hybrid",0,0,0
359,"rotating_schedule",0,1,1
359,"asynchronous_online",1,1,0
359,"remote_accommodations",1,1,0
359,"family_learning",1,1,0
359,"digital_materials",1,1,0
359,"families_choose_modality",0,0,0
359,"half_days",0,0,0
359,"alternating_days",0,0,0
359,"synchronous_online",1,1,0
359,"print_materials",1,1,0
359,"alternating_weeks",0,0,0
359,"teachers_choose_modality",0,0,0
360,"enriched_virtual",0,1,1
360,"fully_remote",0,1,1
360,"fully_in_person",1,0,1
360,"hybrid",0,0,0
360,"rotating_schedule",0,0,0
360,"asynchronous_online",1,1,0
360,"remote_accommodations",0,1,1
360,"family_learning",0,1,1
360,"digital_materials",1,1,0
360,"families_choose_modality",0,0,0
360,"half_days",0,0,0
360,"alternating_days",0,0,0
360,"synchronous_online",1,1,0
360,"print_materials",1,0,1
360,"alternating_weeks",0,0,0
360,"teachers_choose_modality",0,0,0
365,"enriched_virtual",1,1,0
365,"fully_remote",1,0,1
365,"fully_in_person",0,0,0
365,"hybrid",0,1,1
365,"rotating_schedule",0,0,0
365,"asynchronous_online",1,1,0
365,"remote_accommodations",1,0,1
365,"family_learning",0,1,1
365,"digital_materials",1,1,0
365,"families_choose_modality",0,0,0
365,"half_days",0,0,0
365,"alternating_days",0,0,0
365,"synchronous_online",1,1,0
365,"print_materials",1,1,0
365,"alternating_weeks",0,0,0
365,"teachers_choose_modality",0,0,0
366,"enriched_virtual",0,1,1
366,"fully_remote",1,0,1
366,"fully_in_person",0,0,0
366,"hybrid",0,1,1
366,"rotating_schedule",1,1,0
366,"asynchronous_online",1,1,0
366,"remote_accommodations",1,1,0
366,"family_learning",1,1,0
366,"digital_materials",1,1,0
366,"families_choose_modality",0,0,0
366,"half_days",1,1,0
366,"alternating_days",1,1,0
366,"synchronous_online",1,1,0
366,"print_materials",1,1,0
366,"alternating_weeks",0,0,0
366,"teachers_choose_modality",0,0,0
368,"enriched_virtual",0,0,0
368,"fully_remote",1,0,1
368,"fully_in_person",1,0,1
368,"hybrid",1,1,0
368,"rotating_schedule",0,1,1
368,"asynchronous_online",0,1,1
368,"remote_accommodations",0,1,1
368,"family_learning",1,1,0
368,"digital_materials",1,1,0
368,"families_choose_modality",1,0,1
368,"half_days",0,0,0
368,"alternating_days",0,1,1
368,"synchronous_online",1,1,0
368,"print_materials",1,1,0
368,"alternating_weeks",0,0,0
368,"teachers_choose_modality",0,0,0
369,"enriched_virtual",1,1,0
369,"fully_remote",1,1,0
369,"fully_in_person",0,0,0
369,"hybrid",0,0,0
369,"rotating_schedule",0,0,0
369,"asynchronous_online",1,1,0
369,"remote_accommodations",0,1,1
369,"family_learning",0,1,1
369,"digital_materials",1,1,0
369,"families_choose_modality",0,0,0
369,"half_days",0,0,0
369,"alternating_days",0,0,0
369,"synchronous_online",1,1,0
369,"print_materials",1,0,1
369,"alternating_weeks",0,0,0
369,"teachers_choose_modality",0,0,0
371,"enriched_virtual",1,1,0
371,"fully_remote",0,1,1
371,"fully_in_person",0,0,0
371,"hybrid",1,1,0
371,"rotating_schedule",1,1,0
371,"asynchronous_online",1,1,0
371,"remote_accommodations",1,1,0
371,"family_learning",1,1,0
371,"digital_materials",1,1,0
371,"families_choose_modality",0,1,1
371,"half_days",0,0,0
371,"alternating_days",0,0,0
371,"synchronous_online",1,1,0
371,"print_materials",0,1,1
371,"alternating_weeks",0,0,0
371,"teachers_choose_modality",0,1,1
